date,open price,high price,low price,close,wap,no.of shares,no. of trades,total turnover (rs.),deliverable quantity,% deli. qty to traded qty,spread high-low,spread close-open
31-July-2018,1943.6,1948.5,1929.05,1941.25,1934.6999196302995,89586,7227,173322027.0,46685.0,52.11,19.45,-2.35
30-July-2018,1948.55,1955.3,1935.0,1944.95,1943.4364358859964,96383,5887,187314234.0,28663.0,29.74,20.3,-3.6
27-July-2018,1965.0,1966.8,1940.0,1943.1,1948.065559506696,132170,7148,257475825.0,67227.0,50.86,26.8,-21.9
26-July-2018,1975.0,1985.05,1955.55,1963.3,1969.3955121391975,83737,4277,164911272.0,38383.0,45.84,29.5,-11.7
25-July-2018,2000.15,2003.0,1971.0,1979.4,1979.6795620038324,91325,5758,180794236.0,34064.0,37.3,32.0,-20.75
24-July-2018,2009.05,2012.0,1987.0,1996.85,1996.7991508708587,59826,3756,119460506.0,17730.0,29.64,25.0,-12.2
23-July-2018,2000.0,2008.85,1991.2,2005.05,2005.09609192207,86334,4188,173107966.0,36751.0,42.57,17.65,5.05
20-July-2018,1983.05,2000.0,1983.0,1995.95,1993.2018820053313,62274,3603,124124654.0,21386.0,34.34,17.0,12.9
19-July-2018,1999.0,2009.95,1970.55,1981.45,1984.8864190707343,83227,4013,165196142.0,25400.0,30.52,39.4,-17.55
18-July-2018,2005.5,2009.9,1993.0,1997.3,1999.5836654662887,78031,3924,156029513.0,27822.0,35.66,16.9,-8.2
17-July-2018,1988.0,2005.45,1982.0,1997.85,1994.7309101704975,117890,5198,235158827.0,38259.0,32.45,23.45,9.85
16-July-2018,1985.05,1996.0,1978.4,1988.8,1988.2956905781584,112080,5663,222848181.0,39625.0,35.35,17.6,3.75
13-July-2018,1975.0,1998.0,1975.0,1981.25,1983.5941254007687,975624,8702,1935242035.0,801754.0,82.18,23.0,6.25
12-July-2018,1984.0,1992.0,1961.5,1971.0,1972.8067004149375,602500,13828,1188616037.0,359504.0,59.67,30.5,-13.0
11-July-2018,1900.0,1995.0,1894.0,1979.6,1956.985751229303,1157363,44817,2264942900.0,294374.0,25.43,101.0,79.6
10-July-2018,1895.2,1900.0,1872.6,1877.0,1882.5938293550023,433180,18579,815501995.0,209864.0,48.45,27.4,-18.2
9-July-2018,1927.95,1930.0,1882.0,1887.65,1890.6549335070524,374551,11215,708146696.0,206640.0,55.17,48.0,-40.3
6-July-2018,1882.8,1920.3,1880.0,1913.3,1908.633957550696,211358,8164,403405056.0,98826.0,46.76,40.3,30.5
5-July-2018,1875.2,1887.0,1864.0,1881.7,1876.1809473798571,110452,5257,207227938.0,46388.0,42.0,23.0,6.5
4-July-2018,1879.0,1880.0,1860.1,1869.65,1867.0838479553236,138775,9587,259104561.0,80734.0,58.18,19.9,-9.35
3-July-2018,1859.95,1880.0,1858.0,1875.9,1873.289814413876,163967,7300,307157711.0,73061.0,44.56,22.0,15.95
2-July-2018,1829.95,1859.95,1829.95,1855.6,1854.448335754854,151420,8013,280800567.0,80437.0,53.12,30.0,25.65
29-June-2018,1846.0,1868.0,1843.0,1847.2,1851.5314482800668,229631,12213,425169018.0,106610.0,46.43,25.0,1.2
28-June-2018,1865.0,1872.0,1830.15,1847.3,1848.3262269138777,333642,14288,616679259.0,142048.0,42.57,41.85,-17.7
27-June-2018,1859.8,1886.2,1852.0,1859.8,1871.3406979293131,474432,14800,887823910.0,268177.0,56.53,34.2,0.0
26-June-2018,1821.0,1862.0,1821.0,1852.7,1835.95133473636,1065791,20665,1956740409.0,893456.0,83.83,41.0,31.7
25-June-2018,1812.0,1824.0,1809.0,1820.45,1817.8838319734057,215085,8218,390999544.0,104621.0,48.64,15.0,8.45
22-June-2018,1828.8,1829.0,1803.25,1811.8,1812.4129206607688,200191,7852,362828755.0,102497.0,51.2,25.75,-17.0
21-June-2018,1830.0,1834.0,1818.0,1819.85,1823.6080363707129,184984,6940,337338309.0,93180.0,50.37,16.0,-10.15
20-June-2018,1833.0,1836.6,1823.0,1826.3,1830.429297583452,204010,7939,373425881.0,108644.0,53.25,13.6,-6.7
19-June-2018,1822.65,1839.6,1822.0,1825.85,1830.897324725676,721683,10297,1321327474.0,567882.0,78.69,17.6,3.2
18-June-2018,1869.0,1870.7,1825.5,1830.7,1842.3295290635865,522045,18725,961778919.0,287279.0,55.03,45.2,-38.3
15-June-2018,1801.0,1849.0,1791.0,1841.45,1821.9342820454876,765529,21913,1394743529.0,261573.0,34.17,58.0,40.45
14-June-2018,1839.0,1840.0,1785.0,1792.25,1800.052804732897,313381,11016,564102348.0,117180.0,37.39,55.0,-46.75
13-June-2018,1815.0,1832.0,1800.0,1824.2,1818.652460609622,353957,13670,643724769.0,150466.0,42.51,32.0,9.2
12-June-2018,1756.0,1784.95,1753.5,1781.0,1777.0088838879767,152861,3699,271635355.0,81891.0,53.57,31.45,25.0
11-June-2018,1747.0,1763.45,1742.8,1750.6,1754.686657496561,58160,2353,102052576.0,17988.0,30.93,20.65,3.6
8-June-2018,1736.0,1757.5,1736.0,1748.2,1748.526946731992,402906,2729,704491998.0,358186.0,88.9,21.5,12.2
7-June-2018,1725.4,1748.5,1725.4,1734.6,1736.9402142833114,118908,3443,206536087.0,54478.0,45.82,23.1,9.2
6-June-2018,1724.7,1735.3,1716.3,1727.25,1727.473192493533,383083,2970,661765613.0,20663.0,5.39,19.0,2.55
5-June-2018,1745.0,1752.6,1713.45,1721.2,1728.8262385268526,104701,6539,181009836.0,37823.0,36.12,39.15,-23.8
4-June-2018,1751.7,1752.0,1712.9,1744.55,1729.9001026342798,242609,4871,419689334.0,157883.0,65.08,39.1,-7.15
1-June-2018,1758.0,1760.0,1719.0,1732.25,1743.0492769696712,117215,4209,204311521.0,39157.0,33.41,41.0,-25.75
31-May-2018,1742.3,1758.7,1726.1,1744.8,1745.7661272827045,156722,9289,273599959.0,57663.0,36.79,32.6,2.5
30-May-2018,3520.0,3532.5,3484.6,3517.75,3510.4755515300512,77285,4455,271307103.0,27662.0,35.79,47.9,-2.25
29-May-2018,3512.0,3549.5,3491.1,3522.7,3518.3375064394786,102881,5450,361970081.0,31461.0,30.58,58.4,10.7
28-May-2018,3601.1,3618.0,3488.0,3503.8,3523.004065967472,131580,8147,463556875.0,30550.0,23.22,130.0,-97.3
25-May-2018,3619.0,3674.0,3572.8,3589.45,3631.4451433638783,84575,5461,307129473.0,23375.0,27.64,101.2,-29.55
24-May-2018,3500.0,3615.0,3500.0,3604.8,3577.3906751910185,96195,6374,344127096.0,24716.0,25.69,115.0,104.8
23-May-2018,3528.0,3544.95,3482.8,3497.05,3512.355304650804,45347,2842,159274776.0,12439.0,27.43,62.15,-30.95
22-May-2018,3558.0,3575.0,3495.0,3508.05,3522.0485665713622,51764,3502,182315322.0,13954.0,26.96,80.0,-49.95
21-May-2018,3520.0,3591.85,3510.0,3557.95,3569.8925017560287,68336,4304,243952174.0,17777.0,26.01,81.85,37.95
18-May-2018,3489.85,3518.0,3462.5,3502.35,3488.093847038528,26085,1789,90986928.0,5939.0,22.77,55.5,12.5
17-May-2018,3515.85,3529.8,3475.0,3492.7,3508.6512236672625,48134,3135,168885418.0,14492.0,30.11,54.8,-23.15
16-May-2018,3480.0,3509.95,3475.0,3495.55,3495.7199162289285,29127,2294,101819834.0,6963.0,23.91,34.95,15.55
15-May-2018,3454.0,3494.5,3436.9,3482.45,3476.611158841664,39574,2911,137583410.0,8124.0,20.53,57.6,28.45
14-May-2018,3464.0,3479.85,3416.0,3436.75,3436.3739334075312,301896,2716,1037427545.0,7731.0,2.56,63.85,-27.25
11-May-2018,3455.0,3487.5,3446.4,3460.6,3461.7664353958144,35168,2117,121743402.0,7611.0,21.64,41.1,5.6
10-May-2018,3491.0,3509.45,3446.0,3452.75,3474.9669368014106,61821,3571,214825931.0,13998.0,22.64,63.45,-38.25
9-May-2018,3449.0,3494.45,3443.0,3489.05,3479.368445363806,49793,3758,173248193.0,14775.0,29.67,51.45,40.05
8-May-2018,3432.0,3487.95,3398.85,3441.05,3452.77935862246,101282,4820,349704399.0,18283.0,18.05,89.1,9.05
7-May-2018,3482.25,3490.0,3420.1,3427.7,3442.2116300337425,63422,3868,218311946.0,14047.0,22.15,69.9,-54.55
4-May-2018,3482.0,3504.0,3471.3,3480.85,3486.0526427781087,46996,2419,163830530.0,11632.0,24.75,32.7,-1.15
3-May-2018,3502.0,3527.85,3475.0,3482.65,3500.543242050688,72522,4342,253866397.0,14960.0,20.63,52.85,-19.35
2-May-2018,3533.0,3560.0,3475.6,3497.8,3499.0578974959913,64856,3303,226934899.0,13017.0,20.07,84.4,-35.2
30-April-2018,3455.0,3547.0,3438.2,3531.4,3523.0820300239197,92393,8571,325508118.0,23578.0,25.52,108.8,76.4
27-April-2018,3540.0,3543.15,3449.3,3454.8,3475.7049303901126,107456,6981,373485349.0,28156.0,26.2,93.85,-85.2
26-April-2018,3471.0,3560.0,3469.0,3540.35,3519.387044861521,150998,9408,531420405.0,21971.0,14.55,91.0,69.35
25-April-2018,3385.0,3481.5,3366.0,3467.9,3447.5985950714853,221933,10387,765135899.0,28076.0,12.65,115.5,82.9
24-April-2018,3412.95,3443.5,3345.9,3385.65,3387.188244260752,195496,10185,662181753.0,33844.0,17.31,97.6,-27.3
23-April-2018,3429.0,3557.0,3400.0,3415.2,3480.582628861088,505816,24829,1760534383.0,63415.0,12.54,157.0,-13.8
20-April-2018,3250.2,3421.25,3245.0,3406.4,3337.05422207253,771955,30055,2576055692.0,221977.0,28.76,176.25,156.2
19-April-2018,3175.0,3215.0,3166.3,3190.65,3192.570077984168,102072,6361,325872013.0,27791.0,27.23,48.7,15.65
18-April-2018,3172.95,3189.8,3147.3,3159.5,3164.4289722301746,52395,3866,165800256.0,12749.0,24.33,42.5,-13.45
17-April-2018,3190.0,3190.0,3149.3,3165.9,3166.6354400345126,46360,2924,146805219.0,9446.0,20.38,40.7,-24.1
16-April-2018,3132.0,3199.0,3108.05,3184.8,3172.15060706074,117863,7252,373879187.0,16358.0,13.88,90.95,52.8
13-April-2018,3149.0,3238.0,3131.1,3151.0,3185.6470803742527,141936,8194,452158004.0,24858.0,17.51,106.9,2.0
12-April-2018,3015.5,3150.0,3010.15,3137.3,3093.155626915462,921775,7737,2851193528.0,824729.0,89.47,139.85,121.8
11-April-2018,2950.0,3026.9,2947.2,3015.5,2994.064939700395,92455,4638,276816274.0,54313.0,58.75,79.7,65.5
10-April-2018,2939.0,2955.85,2925.1,2931.85,2940.478008603154,29989,1648,88181995.0,7709.0,25.71,30.75,-7.15
9-April-2018,2950.0,2963.0,2915.0,2921.15,2936.0675076419684,23227,2348,68196040.0,9641.0,41.51,48.0,-28.85
6-April-2018,2941.0,2961.35,2927.0,2949.7,2945.288866883576,21207,1200,62460741.0,8279.0,39.04,34.35,8.7
5-April-2018,2915.55,2962.0,2915.55,2957.15,2951.332662498272,65093,2621,192111097.0,33069.0,50.8,46.45,41.6
4-April-2018,2923.0,2933.3,2891.95,2907.05,2915.684451178988,37617,1739,109679302.0,9510.0,25.28,41.35,-15.95
3-April-2018,2900.0,2927.15,2893.0,2908.1,2909.008192658678,34299,1813,99776072.0,14227.0,41.48,34.15,8.1
2-April-2018,2845.0,2910.0,2845.0,2902.9,2885.6944258288327,50734,2797,146402821.0,13822.0,27.24,65.0,57.9
28-March-2018,2839.0,2874.0,2827.55,2849.3,2856.3584947049,82057,4430,234384209.0,37355.0,45.52,46.45,10.3
27-March-2018,2820.1,2869.0,2820.1,2841.85,2843.9869582400206,37955,2559,107943525.0,13619.0,35.88,48.9,21.75
26-March-2018,2816.7,2822.9,2782.3,2813.05,2813.378499122689,148180,3727,416886426.0,106481.0,71.86,40.6,-3.65
23-March-2018,2806.7,2831.0,2800.0,2816.45,2815.9464532782654,96850,4126,272724414.0,55819.0,57.63,31.0,9.75
22-March-2018,2856.0,2870.0,2825.0,2829.95,2844.495301737432,48635,1843,138342029.0,12465.0,25.63,45.0,-26.05
21-March-2018,2860.25,2882.0,2845.0,2854.6,2857.4197490026263,99762,3253,285061909.0,50828.0,50.95,37.0,-5.65
20-March-2018,2827.45,2870.0,2820.7,2859.15,2851.677826605094,53704,2578,153146506.0,23140.0,43.09,49.3,31.7
19-March-2018,2840.7,2845.0,2820.05,2828.85,2829.1742571408013,111192,3896,314581544.0,58170.0,52.31,24.95,-11.85
16-March-2018,2868.75,2870.0,2805.0,2825.5,2833.71287226901,131088,8845,371465753.0,37973.0,28.97,65.0,-43.25
15-March-2018,2891.15,2902.4,2857.65,2869.15,2882.8351974350944,162813,3957,469363047.0,117836.0,72.38,44.75,-22.0
14-March-2018,2896.0,2925.0,2875.05,2886.1,2897.830172134288,135708,5956,393258737.0,42291.0,31.16,49.95,-9.9
13-March-2018,2928.0,2929.0,2884.1,2892.45,2901.8829515555394,2197919,37530,6378103675.0,236501.0,10.76,44.9,-35.55
12-March-2018,3035.0,3080.0,3035.0,3051.85,3058.9767916168503,71095,3179,217477955.0,23288.0,32.76,45.0,16.85
9-March-2018,3014.0,3059.95,2978.55,3034.5,3023.788023519114,105106,3286,317818264.0,15329.0,14.58,81.4,20.5
8-March-2018,3060.0,3060.0,2983.9,3001.5,3029.1039959196596,56858,6649,172228795.0,25197.0,44.32,76.1,-58.5
7-March-2018,3055.0,3089.75,3024.25,3029.25,3039.3539129683777,81051,2458,246342674.0,13168.0,16.25,65.5,-25.75
6-March-2018,3133.0,3133.0,3030.65,3049.8,3082.8968139690523,49309,3159,152014559.0,12659.0,25.67,102.35,-83.2
5-March-2018,3069.0,3112.45,3036.05,3104.3,3073.1016829851555,110815,4818,340545763.0,43259.0,39.04,76.4,35.3
1-March-2018,3041.0,3060.0,3021.95,3037.1,3040.3903465346534,28280,1901,85982239.0,7201.0,25.46,38.05,-3.9
28-February-2018,3040.0,3062.35,3023.35,3038.25,3042.905735965977,101343,1667,308377196.0,77336.0,76.31,39.0,-1.75
27-February-2018,3049.95,3077.8,3035.0,3043.25,3054.54484938561,47771,1835,145918662.0,17174.0,35.95,42.8,-6.7
26-February-2018,3078.1,3084.75,3027.0,3035.25,3047.5781315710424,49935,2353,152180814.0,11421.0,22.87,57.75,-42.85
23-February-2018,3042.0,3100.0,2996.05,3076.9,3050.5805965571058,296669,6622,905012695.0,197348.0,66.52,103.95,34.9
22-February-2018,3045.0,3077.95,3022.55,3040.4,3044.3561302758926,74703,3490,227422536.0,18198.0,24.36,55.4,-4.6
21-February-2018,2961.0,3060.0,2961.0,3043.05,3011.0231627795333,124985,6873,376332730.0,59508.0,47.61,99.0,82.05
20-February-2018,2930.0,2983.45,2929.1,2945.05,2958.882847738632,41015,2076,121358580.0,8288.0,20.21,54.35,15.05
19-February-2018,2940.0,2952.45,2898.4,2924.55,2927.6809326895495,83672,3809,244964919.0,24303.0,29.05,54.05,-15.45
16-February-2018,2925.0,2999.0,2924.0,2937.2,2973.8759685846667,304310,17139,904980196.0,187705.0,61.68,75.0,12.2
15-February-2018,2929.0,2942.5,2906.6,2925.75,2925.9462223623536,50746,2371,148480067.0,12516.0,24.66,35.9,-3.25
14-February-2018,2965.0,2974.0,2894.25,2910.45,2937.9048691951434,55923,2631,164296454.0,20040.0,35.83,79.75,-54.55
12-February-2018,3008.0,3018.0,2956.0,2967.9,2994.4679786778,1196687,2910,3583440902.0,1145016.0,95.68,62.0,-40.1
9-February-2018,2960.0,2991.75,2900.0,2972.3,2936.6082130590007,59101,3283,173556482.0,8819.0,14.92,91.75,12.3
8-February-2018,2971.0,3026.75,2957.2,2966.25,3000.0325828768823,1271404,6634,3814253426.0,1177629.0,92.62,69.55,-4.75
7-February-2018,3015.0,3044.0,2950.0,2955.35,2973.153982961357,125949,4696,374465771.0,79520.0,63.14,94.0,-59.65
6-February-2018,3030.0,3077.85,2985.8,2995.35,3019.5166665062975,519635,4876,1569046543.0,456204.0,87.79,92.05,-34.65
5-February-2018,3111.0,3185.9,3078.35,3106.5,3132.4940175301285,231259,3100,724417434.0,105146.0,45.47,107.55,-4.5
2-February-2018,3115.0,3190.0,3105.65,3149.15,3170.6691872270694,255102,9793,808844051.0,177778.0,69.69,84.35,34.15
1-February-2018,3120.0,3189.0,3091.55,3138.9,3147.295989455846,63732,4432,200583468.0,11413.0,17.91,97.45,18.9
31-January-2018,3131.0,3147.1,3101.0,3111.75,3117.6285911345726,150788,4529,470100980.0,93666.0,62.12,46.1,-19.25
30-January-2018,3119.0,3199.25,3119.0,3153.7,3164.8819962581433,44363,2781,140403660.0,10285.0,23.18,80.25,34.7
29-January-2018,3118.05,3224.0,3118.0,3195.1,3193.4615616293954,79686,4189,254474178.0,25428.0,31.91,106.0,77.05
25-January-2018,3180.0,3181.0,3080.0,3117.85,3123.6691545710946,87222,4549,272452671.0,31380.0,35.98,101.0,-62.15
24-January-2018,3100.0,3254.8,3080.0,3174.6,3184.325043156144,381174,13555,1213781914.0,112189.0,29.43,174.8,74.6
23-January-2018,3115.0,3137.75,3092.6,3103.1,3109.9680313566164,307176,7952,955307540.0,158979.0,51.76,45.15,-11.9
22-January-2018,2956.0,3130.0,2924.0,3113.15,3075.876257631395,221945,8374,682675356.0,84756.0,38.19,206.0,157.15
19-January-2018,2920.0,2979.0,2903.05,2954.75,2929.0346144708224,54717,2566,160267987.0,15522.0,28.37,75.95,34.75
18-January-2018,2895.0,2925.0,2866.6,2910.1,2895.0526544410654,52949,2635,153290143.0,11725.0,22.14,58.4,15.1
17-January-2018,2857.1,2925.0,2857.0,2889.45,2904.220229376994,152936,5131,444159825.0,72566.0,47.45,68.0,32.35
16-January-2018,2748.2,2860.0,2748.2,2850.85,2835.189378339069,138886,7187,393768112.0,40878.0,29.43,111.8,102.65
15-January-2018,2790.0,2803.05,2736.15,2747.2,2767.78050956982,32498,1739,89947331.0,11100.0,34.16,66.9,-42.8
12-January-2018,2813.0,2813.0,2744.0,2772.9,2763.8456472668886,85946,3770,237541478.0,16863.0,19.62,69.0,-40.1
11-January-2018,2807.2,2820.0,2781.9,2788.4,2795.1683566806514,70315,3345,196542263.0,13559.0,19.28,38.1,-18.8
10-January-2018,2712.0,2816.0,2697.45,2807.1,2764.349605593037,98122,5594,271243512.0,39052.0,39.8,118.55,95.1
9-January-2018,2710.0,2723.3,2678.9,2708.45,2702.047921104914,41777,1820,112883456.0,10595.0,25.36,44.4,-1.55
8-January-2018,2695.0,2721.35,2681.45,2707.75,2707.3386670426107,28373,1613,76815320.0,9380.0,33.06,39.9,12.75
5-January-2018,2651.0,2694.0,2651.0,2684.45,2684.1596801107,49142,1397,131904975.0,27307.0,55.57,43.0,33.45
4-January-2018,2660.0,2660.0,2640.4,2649.8,2647.683208980765,14609,808,38680004.0,6232.0,42.66,19.6,-10.2
3-January-2018,2634.0,2664.05,2630.15,2635.2,2647.5496007984034,20040,1075,53056894.0,5316.0,26.53,33.9,1.2
2-January-2018,2642.95,2677.45,2622.7,2633.75,2640.0047401685397,22784,1308,60149868.0,10830.0,47.53,54.75,-9.2
1-January-2018,2689.8,2692.5,2642.85,2654.65,2667.221572809617,36101,1426,96289366.0,10878.0,30.13,49.65,-35.15
29-December-2017,2615.0,2711.7,2615.0,2700.4,2673.8975907477875,93556,5062,250159163.0,34906.0,37.31,96.7,85.4
28-December-2017,2603.0,2650.0,2601.2,2628.85,2631.8650041924166,32201,2525,84748685.0,8217.0,25.52,48.8,25.85
27-December-2017,2636.1,2657.95,2611.05,2621.05,2631.944739638682,15997,862,42103220.0,5217.0,32.61,46.9,-15.05
26-December-2017,2675.05,2688.0,2635.0,2642.8,2657.652701626834,66571,2437,176922598.0,14984.0,22.51,53.0,-32.25
22-December-2017,2600.0,2659.9,2590.0,2639.8,2632.4719885487775,90820,3933,239081106.0,13617.0,14.99,69.9,39.8
21-December-2017,2590.0,2606.9,2556.7,2594.1,2594.2316005873718,17025,735,44166793.0,4825.0,28.34,50.2,4.1
20-December-2017,2570.0,2592.0,2540.0,2588.0,2563.359665386061,156957,2696,402337243.0,86274.0,54.97,52.0,18.0
19-December-2017,2570.0,2597.4,2567.5,2575.05,2585.5539503044515,26441,1742,68364632.0,7593.0,28.72,29.9,5.05
18-December-2017,2533.0,2585.2,2496.9,2577.0,2549.3183996003545,44039,2176,112269433.0,7852.0,17.83,88.3,44.0
15-December-2017,2560.0,2587.3,2540.35,2547.85,2559.0850677706567,35266,2264,90248694.0,10296.0,29.2,46.95,-12.15
14-December-2017,2620.25,2630.0,2531.0,2558.55,2559.90892098256,56709,4308,145169875.0,23989.0,42.3,99.0,-61.7
13-December-2017,2595.1,2647.55,2595.1,2627.3,2631.3752775191574,27926,1256,73483786.0,3658.0,13.1,52.45,32.2
12-December-2017,2656.05,2659.1,2605.1,2614.15,2622.617019942305,31892,1431,83640502.0,14128.0,44.3,54.0,-41.9
11-December-2017,2605.0,2667.0,2605.0,2656.0,2631.152658662093,16907,1019,44484898.0,5419.0,32.05,62.0,51.0
8-December-2017,2617.0,2644.0,2595.05,2601.0,2615.8229410845443,19197,3084,50215953.0,7794.0,40.6,48.95,-16.0
7-December-2017,2631.45,2644.55,2615.05,2617.65,2623.6389177339333,17334,1505,45478157.0,7969.0,45.97,29.5,-13.8
6-December-2017,2634.0,2640.0,2613.9,2631.45,2625.5427166564227,9762,602,25630548.0,3008.0,30.81,26.1,-2.55
5-December-2017,2620.0,2649.0,2620.0,2633.8,2640.184354205767,11722,687,30948241.0,3411.0,29.1,29.0,13.8
4-December-2017,2627.0,2658.6,2603.7,2633.35,2629.6272192727065,17517,1101,46063180.0,7408.0,42.29,54.9,6.35
1-December-2017,2637.0,2668.95,2625.0,2630.55,2650.074454956808,24310,1661,64423310.0,10662.0,43.86,43.95,-6.45
30-November-2017,2658.0,2668.55,2625.0,2634.25,2646.2946526408064,18252,951,48300170.0,5786.0,31.7,43.55,-23.75
29-November-2017,2679.8,2692.3,2651.0,2658.55,2673.7736750651607,13812,769,36930162.0,5357.0,38.79,41.3,-21.25
28-November-2017,2687.0,2697.5,2672.25,2684.9,2690.9484782635086,82373,1342,221661499.0,58671.0,71.23,25.25,-2.1
27-November-2017,2677.0,2691.4,2665.2,2687.05,2676.8605018325343,17735,912,47474121.0,3555.0,20.05,26.2,10.05
24-November-2017,2674.0,2706.0,2674.0,2688.75,2688.747508619468,21173,1279,56928851.0,8264.0,39.03,32.0,14.75
23-November-2017,2684.1,2694.25,2672.65,2682.75,2685.4410611998796,16585,686,44538040.0,3521.0,21.23,21.6,-1.35
22-November-2017,2670.0,2709.4,2670.0,2683.2,2686.758102573838,73742,1293,198126916.0,33729.0,45.74,39.4,13.2
21-November-2017,2704.75,2704.75,2670.0,2676.65,2682.4815869282666,16157,939,43340855.0,5583.0,34.55,34.75,-28.1
20-November-2017,2718.1,2725.65,2696.95,2704.65,2712.7414334076457,24222,1002,65708023.0,5287.0,21.83,28.7,-13.45
17-November-2017,2759.0,2759.0,2706.0,2710.1,2721.8541943190867,15068,923,41012899.0,3569.0,23.69,53.0,-48.9
16-November-2017,2707.0,2761.0,2690.0,2746.6,2734.0204294413634,66179,3834,180934738.0,14013.0,21.17,71.0,39.6
15-November-2017,2715.0,2749.95,2702.8,2706.15,2729.1620918222116,24591,1454,67112825.0,4323.0,17.58,47.15,-8.85
14-November-2017,2758.0,2758.0,2706.55,2716.75,2722.4735212973555,29722,2044,80917358.0,8966.0,30.17,51.45,-41.25
13-November-2017,2703.0,2774.0,2700.0,2758.9,2754.0964313283057,67364,3391,185526952.0,31094.0,46.16,74.0,55.9
10-November-2017,2717.0,2729.95,2695.5,2703.3,2705.1480582524273,9064,597,24519462.0,2694.0,29.72,34.45,-13.7
9-November-2017,2750.0,2750.0,2713.55,2733.85,2730.383956162987,31389,1645,85704022.0,11426.0,36.4,36.45,-16.15
8-November-2017,2728.0,2753.1,2719.65,2730.45,2738.1138243274163,30591,4348,83761640.0,9732.0,31.81,33.45,2.45
7-November-2017,2671.0,2743.6,2668.0,2708.35,2717.1756747440622,116044,5765,315311934.0,22357.0,19.27,75.6,37.35
6-November-2017,2610.0,2672.95,2610.0,2667.0,2646.872389666308,37160,3862,98357778.0,16927.0,45.55,62.95,57.0
3-November-2017,2630.0,2635.0,2604.25,2612.7,2614.732883961896,17951,1025,46937070.0,4494.0,25.03,30.75,-17.3
2-November-2017,2586.5,2670.0,2586.5,2625.8,2635.128369355557,40438,1813,106559321.0,10419.0,25.77,83.5,39.3
1-November-2017,2622.0,2622.0,2581.1,2602.5,2595.1162781524868,25353,1199,65793983.0,7526.0,29.68,40.9,-19.5
31-October-2017,2595.05,2634.9,2595.05,2616.3,2624.199497206704,35800,2043,93946342.0,14548.0,40.64,39.85,21.25
30-October-2017,2580.0,2618.0,2580.0,2613.0,2605.562972144912,42757,1644,111406056.0,9681.0,22.64,38.0,33.0
27-October-2017,2545.0,2590.0,2534.4,2579.2,2564.9676005529145,29661,1202,76079504.0,8203.0,27.66,55.6,34.2
26-October-2017,2560.0,2566.4,2525.6,2543.0,2544.014165134548,23932,1542,60883347.0,6863.0,28.68,40.8,-17.0
25-October-2017,2582.0,2611.0,2558.75,2561.75,2586.899597172608,13157,820,34035838.0,3552.0,27.0,52.25,-20.25
24-October-2017,2610.0,2619.0,2570.45,2580.6,2586.7659836908106,14593,719,37748676.0,4496.0,30.81,48.55,-29.4
23-October-2017,2581.0,2625.05,2555.0,2585.95,2593.971584818987,91430,2081,237166822.0,64803.0,70.88,70.05,4.95
19-October-2017,2589.05,2594.95,2570.85,2580.95,2581.3249076414545,5143,370,13275754.0,2226.0,43.28,24.1,-8.1
18-October-2017,2590.0,2611.9,2580.0,2589.05,2590.697142502944,16133,955,41795717.0,7239.0,44.87,31.9,-0.95
17-October-2017,2586.0,2612.95,2581.1,2594.85,2601.541262914715,31166,1897,81079635.0,12012.0,38.54,31.85,8.85
16-October-2017,2556.75,2590.0,2556.0,2585.1,2578.075611684808,42996,1604,110846939.0,23605.0,54.9,34.0,28.35
13-October-2017,2549.9,2605.6,2525.0,2556.75,2563.485932437201,93513,4662,239719260.0,15983.0,17.09,80.6,6.85
12-October-2017,2501.05,2555.0,2501.05,2548.55,2520.283999636124,186877,2711,470983113.0,155588.0,83.26,53.95,47.5
11-October-2017,2460.0,2513.35,2457.7,2500.5,2501.219390803875,127184,1835,318115087.0,107723.0,84.7,55.65,40.5
10-October-2017,2460.0,2470.6,2452.1,2459.55,2459.8760978583105,144372,1201,355137232.0,125657.0,87.04,18.5,-0.45
9-October-2017,2448.0,2467.0,2442.6,2452.55,2457.0954592111048,20459,833,50269716.0,8158.0,39.87,24.4,4.55
6-October-2017,2428.0,2454.05,2427.6,2445.15,2444.302957699934,24208,1015,59171686.0,11458.0,47.33,26.45,17.15
5-October-2017,2442.0,2442.55,2425.0,2430.15,2435.6627747497414,112284,1403,273485959.0,94617.0,84.27,17.55,-11.85
4-October-2017,2470.0,2470.0,2429.0,2442.55,2439.2644669284205,132440,2537,323056186.0,86403.0,65.24,41.0,-27.45
3-October-2017,2435.0,2455.45,2428.0,2447.05,2438.6371375189988,166457,3026,405928222.0,115039.0,69.11,27.45,12.05
29-September-2017,2478.45,2483.45,2420.65,2437.0,2443.028092361897,95364,2501,232976931.0,33743.0,35.38,62.8,-41.45
28-September-2017,2495.0,2511.05,2452.85,2478.45,2481.092832637923,107850,2873,267585862.0,69261.0,64.22,58.2,-16.55
27-September-2017,2490.0,2507.95,2474.1,2490.15,2492.1328532548773,331057,1900,825038026.0,306122.0,92.47,33.85,0.15
26-September-2017,2508.2,2526.0,2468.0,2474.9,2484.931516995958,62103,2369,154321702.0,36550.0,58.85,58.0,-33.3
25-September-2017,2528.8,2533.0,2495.0,2508.2,2516.287775123501,43117,2751,108494780.0,10933.0,25.36,38.0,-20.6
22-September-2017,2525.0,2525.9,2495.2,2502.35,2508.3854419954505,25498,1144,63958812.0,9618.0,37.72,30.7,-22.65
21-September-2017,2487.5,2539.7,2479.95,2525.85,2519.1583316596366,29874,1611,75257336.0,9697.0,32.46,59.75,38.35
20-September-2017,2498.3,2505.0,2478.05,2492.4,2489.17509879223,17967,1056,44723009.0,6024.0,33.53,26.95,-5.9
19-September-2017,2499.05,2503.35,2492.5,2498.3,2496.838113830905,13318,623,33252890.0,4457.0,33.47,10.85,-0.75
18-September-2017,2507.0,2516.9,2491.1,2499.05,2501.347693685625,22330,954,55855094.0,9350.0,41.87,25.8,-7.95
15-September-2017,2492.0,2514.45,2487.6,2498.55,2498.506010815308,48080,1473,120128169.0,22794.0,47.41,26.85,6.55
14-September-2017,2490.0,2497.45,2473.0,2485.05,2478.8092510018623,35434,718,87834127.0,22876.0,64.56,24.45,-4.95
13-September-2017,2500.0,2528.05,2475.35,2488.1,2507.080718129435,62997,1288,157938564.0,45650.0,72.46,52.7,-11.9
12-September-2017,2465.0,2494.45,2457.0,2486.8,2471.3955642681426,26016,1092,64295827.0,11321.0,43.52,37.45,21.8
11-September-2017,2474.0,2480.55,2456.2,2463.55,2465.722349627841,49710,1685,122571058.0,25892.0,52.09,24.35,-10.45
8-September-2017,2463.0,2475.0,2453.95,2470.15,2467.0963443312194,28066,838,69241526.0,16426.0,58.53,21.05,7.15
7-September-2017,2456.0,2467.0,2452.35,2458.95,2458.9169342527766,18997,945,46712045.0,7970.0,41.95,14.65,2.95
6-September-2017,2470.0,2474.95,2452.0,2456.45,2458.7435683493254,14382,986,35361650.0,4160.0,28.93,22.95,-13.55
5-September-2017,2457.8,2482.5,2440.0,2477.65,2460.037636745635,27606,1109,67911799.0,13531.0,49.01,42.5,19.85
4-September-2017,2456.45,2462.75,2440.2,2457.8,2453.163570609228,62768,2006,153980171.0,33969.0,54.12,22.55,1.35
1-September-2017,2475.0,2477.0,2440.0,2463.2,2456.359194137297,38617,2140,94857223.0,9174.0,23.76,37.0,-11.8
31-August-2017,2492.0,2500.0,2468.0,2496.75,2473.0093394486566,228279,1388,564536099.0,8271.0,3.62,32.0,4.75
30-August-2017,2487.5,2491.45,2461.0,2486.75,2478.3132886040457,19972,1066,49496873.0,6905.0,34.57,30.45,-0.75
29-August-2017,2485.85,2493.9,2466.0,2474.95,2475.8401328006303,17771,1021,43998155.0,5533.0,31.13,27.9,-10.9
28-August-2017,2496.0,2501.95,2464.0,2485.85,2479.0265945038022,21433,1632,53132977.0,6834.0,31.89,37.95,-10.15
24-August-2017,2475.3,2515.0,2475.3,2495.3,2496.5511663176135,13847,820,34569744.0,3963.0,28.62,39.7,20.0
23-August-2017,2500.0,2520.0,2475.65,2493.0,2489.8230227094755,12770,931,31795040.0,3736.0,29.26,44.35,-7.0
22-August-2017,2519.9,2538.0,2491.0,2496.05,2515.157363222728,18022,1102,45328166.0,5247.0,29.11,47.0,-23.85
21-August-2017,2512.85,2542.0,2495.0,2521.4,2528.924968491808,35705,2090,90295266.0,11604.0,32.5,47.0,8.55
18-August-2017,2475.0,2546.45,2470.95,2512.85,2508.5706475408106,141937,5218,356058992.0,69852.0,49.21,75.5,37.85
17-August-2017,2500.0,2500.0,2462.0,2480.15,2478.873948803253,21642,1410,53647790.0,5647.0,26.09,38.0,-19.85
16-August-2017,2497.0,2547.0,2466.85,2491.05,2486.901271606297,36332,1724,90354097.0,8589.0,23.64,80.15,-5.95
14-August-2017,2501.0,2505.6,2460.05,2469.15,2485.210075914424,14490,1044,36010694.0,6152.0,42.46,45.55,-31.85
11-August-2017,2514.0,2533.3,2485.0,2494.0,2507.4238816832585,38473,1927,96468119.0,10587.0,27.52,48.3,-20.0
10-August-2017,2498.4,2520.0,2486.5,2511.25,2500.9958104104953,23630,1457,59098531.0,8558.0,36.22,33.5,12.85
9-August-2017,2495.95,2521.45,2495.1,2501.95,2506.0885334779073,18445,1268,46224803.0,5909.0,32.04,26.35,6.0
8-August-2017,2525.0,2526.0,2486.0,2497.8,2506.172422085417,20792,1288,52108337.0,6642.0,31.94,40.0,-27.2
7-August-2017,2522.0,2522.75,2484.0,2504.6,2494.8568618599247,31012,1624,77370501.0,10006.0,32.26,38.75,-17.4
4-August-2017,2490.0,2528.0,2487.45,2522.75,2510.1457055214723,29340,1975,73647675.0,10308.0,35.13,40.55,32.75
3-August-2017,2479.0,2501.45,2472.0,2489.55,2487.352207039776,453594,1656,1128248037.0,441176.0,97.26,29.45,10.55
2-August-2017,2499.0,2501.85,2458.0,2467.35,2482.6601147371393,21266,1435,52796250.0,6142.0,28.88,43.85,-31.65
1-August-2017,2494.05,2518.9,2488.3,2499.95,2503.257645612417,26028,1843,65154790.0,9404.0,36.13,30.6,5.9
31-July-2017,2470.0,2516.0,2464.9,2494.05,2493.2340962123176,42427,2454,105780443.0,9370.0,22.08,51.1,24.05
28-July-2017,2479.4,2488.55,2443.85,2482.75,2465.592993181284,42530,3135,104861670.0,11794.0,27.73,44.7,3.35
27-July-2017,2550.0,2583.7,2469.05,2484.35,2515.043425351737,59988,3921,150872425.0,19121.0,31.87,114.65,-65.65
26-July-2017,2555.0,2573.0,2547.0,2554.8,2558.6243720930233,37625,2130,96268242.0,12032.0,31.98,26.0,-0.2
25-July-2017,2530.0,2580.0,2517.7,2570.65,2554.562725614253,51526,2932,131626399.0,20321.0,39.44,62.3,40.65
24-July-2017,2480.0,2539.2,2479.9,2532.65,2518.9921345973535,57594,2851,145078833.0,18576.0,32.25,59.3,52.65
21-July-2017,2445.2,2499.0,2439.8,2490.9,2473.2118630445266,43547,2740,107700957.0,14194.0,32.59,59.2,45.7
20-July-2017,2450.0,2457.4,2431.0,2445.2,2442.524770483284,23092,1295,56402782.0,6338.0,27.45,26.4,-4.8
19-July-2017,2418.0,2457.9,2417.3,2450.45,2440.507112511337,41898,2557,102252367.0,13390.0,31.96,40.6,32.45
18-July-2017,2397.0,2440.0,2397.0,2405.25,2414.731108952493,88534,2293,213785804.0,60083.0,67.86,43.0,8.25
17-July-2017,2400.0,2420.65,2384.0,2395.7,2402.5414255959267,34568,2071,83051052.0,8853.0,25.61,36.65,-4.3
14-July-2017,2389.0,2422.65,2376.1,2398.8,2398.5089120789135,210052,7469,503811594.0,79323.0,37.76,46.55,9.8
13-July-2017,2449.9,2471.0,2427.1,2444.05,2447.076018522576,68457,3777,167519483.0,11910.0,17.4,43.9,-5.85
12-July-2017,2487.95,2488.0,2431.3,2439.1,2449.5246191839497,45757,2640,112082898.0,10442.0,22.82,56.7,-48.85
11-July-2017,2438.8,2513.4,2426.85,2471.9,2473.555923846616,144813,6064,358203054.0,54929.0,37.93,86.55,33.1
10-July-2017,2333.0,2452.0,2333.0,2440.85,2418.046046143869,675366,39253,1633066086.0,365708.0,54.15,119.0,107.85
7-July-2017,2354.6,2356.0,2325.0,2332.2,2343.734014460289,54909,2332,128692091.0,34440.0,62.72,31.0,-22.4
6-July-2017,2350.05,2361.3,2340.0,2344.8,2348.5642063339114,31134,1906,73120198.0,13224.0,42.47,21.3,-5.25
5-July-2017,2364.0,2364.0,2346.3,2357.75,2355.594101799288,20786,1308,48963379.0,6779.0,32.61,17.7,-6.25
4-July-2017,2373.4,2381.4,2351.1,2364.0,2365.6607924810423,28089,1592,66449046.0,7124.0,25.36,30.3,-9.4
3-July-2017,2364.0,2382.95,2345.5,2373.4,2366.5336760357077,36183,2016,85628288.0,16207.0,44.79,37.45,9.4
30-June-2017,2330.0,2377.85,2326.0,2364.35,2361.853021777258,54736,2907,129278387.0,20213.0,36.93,51.85,34.35
29-June-2017,2353.0,2370.8,2325.0,2334.65,2349.1284952079836,40484,2706,95102118.0,12542.0,30.98,45.8,-18.35
28-June-2017,2345.0,2358.3,2335.15,2351.2,2346.412876593279,41424,2138,97197807.0,16742.0,40.42,23.15,6.2
27-June-2017,2358.75,2386.35,2335.0,2345.9,2356.0946273902678,47798,2905,112616611.0,13762.0,28.79,51.35,-12.85
23-June-2017,2403.0,2413.0,2353.0,2360.65,2384.637579440652,46733,3970,111441268.0,20335.0,43.51,60.0,-42.35
22-June-2017,2410.0,2430.1,2388.9,2395.75,2405.624249034782,57759,3815,138946451.0,14408.0,24.95,41.2,-14.25
21-June-2017,2441.0,2441.0,2398.0,2406.05,2411.86750487752,46130,3731,111259448.0,13097.0,28.39,43.0,-34.95
20-June-2017,2429.95,2445.0,2383.1,2441.5,2423.655672455317,39445,2837,95601098.0,10782.0,27.33,61.9,11.55
19-June-2017,2408.5,2442.85,2406.55,2431.9,2429.489943484042,48128,3305,116926492.0,12923.0,26.85,36.3,23.4
16-June-2017,2411.1,2434.9,2389.5,2397.45,2404.4259579728055,72810,4378,175066254.0,16327.0,22.42,45.4,-13.65
15-June-2017,2465.05,2469.95,2406.05,2411.1,2431.2343589083416,77680,5035,188858285.0,35348.0,45.5,63.9,-53.95
14-June-2017,2450.05,2477.0,2450.05,2470.8,2470.2255166358304,63778,1951,157546043.0,9484.0,14.87,26.95,20.75
13-June-2017,2466.25,2482.45,2450.0,2453.4,2464.3313683920233,58017,3706,142973113.0,18738.0,32.3,32.45,-12.85
12-June-2017,2500.0,2514.0,2472.4,2489.9,2480.137116039733,837196,4759,2076360873.0,775487.0,92.63,41.6,-10.1
9-June-2017,2516.0,2545.5,2489.0,2510.25,2510.9104789488006,102892,5504,258352601.0,21167.0,20.57,56.5,-5.75
8-June-2017,2610.0,2610.0,2517.7,2521.5,2543.4316926320203,181203,12235,460877453.0,63290.0,34.93,92.3,-88.5
7-June-2017,2700.0,2700.0,2581.0,2615.35,2623.4537280129375,195399,12074,512620235.0,68162.0,34.88,119.0,-84.65
6-June-2017,2644.0,2707.4,2630.0,2695.4,2690.395960752674,153692,8732,413492336.0,42657.0,27.75,77.4,51.4
5-June-2017,2565.0,2620.0,2560.0,2601.05,2580.839784514396,72209,3699,186359860.0,20809.0,28.82,60.0,36.05
2-June-2017,2542.25,2589.0,2542.25,2561.85,2569.2423989706444,41968,4168,107825965.0,19011.0,45.3,46.75,19.6
1-June-2017,2530.0,2562.2,2530.0,2550.85,2554.657623451553,47144,2402,120436779.0,29744.0,63.09,32.2,20.85
31-May-2017,2531.0,2571.55,2529.05,2544.35,2551.545674036236,50116,3849,127873263.0,18397.0,36.71,42.5,13.35
30-May-2017,2572.85,2575.0,2525.6,2551.7,2553.401463294668,48794,3003,124590671.0,15600.0,31.97,49.4,-21.15
29-May-2017,2579.0,2595.85,2562.3,2571.5,2578.93033196181,50066,3307,129116726.0,21040.0,42.02,33.55,-7.5
26-May-2017,2624.0,2636.0,2571.05,2579.3,2601.3335744712736,346966,3838,902574305.0,309738.0,89.27,64.95,-44.7
25-May-2017,2572.0,2633.0,2567.55,2619.95,2603.4628833107017,395469,6249,1029588863.0,318629.0,80.57,65.45,47.95
24-May-2017,2522.45,2570.0,2522.45,2557.8,2543.503837715302,137191,4141,348945835.0,77009.0,56.13,47.55,35.35
23-May-2017,2529.5,2560.6,2514.0,2520.45,2533.425941236968,49589,4438,125630059.0,18326.0,36.96,46.6,-9.05
22-May-2017,2507.0,2550.0,2507.0,2529.3,2531.002984023043,48257,2814,122138611.0,19562.0,40.54,43.0,22.3
19-May-2017,2546.0,2550.0,2485.2,2506.8,2505.5557291568625,53123,3422,133102637.0,15693.0,29.54,64.8,-39.2
18-May-2017,2451.0,2565.75,2443.05,2534.1,2536.714612918003,288156,10298,730969536.0,160285.0,55.62,122.7,83.1
17-May-2017,2431.9,2460.0,2424.0,2451.35,2443.9382220795887,124640,4388,304612460.0,80751.0,64.79,36.0,19.45
16-May-2017,2378.7,2434.8,2375.5,2427.25,2403.6132426057593,589310,7309,1416473320.0,521274.0,88.45,59.3,48.55
15-May-2017,2364.5,2375.0,2340.75,2364.4,2354.9563781321185,26340,1590,62029551.0,8229.0,31.24,34.25,-0.1
12-May-2017,2349.0,2369.0,2322.7,2359.5,2351.025833961861,168383,4470,395872783.0,117478.0,69.77,46.3,10.5
11-May-2017,2340.0,2359.65,2323.6,2351.25,2338.8178428265123,32181,2595,75265497.0,11947.0,37.12,36.05,11.25
10-May-2017,2352.75,2356.0,2316.0,2332.5,2329.111009097738,35943,4516,83715237.0,14723.0,40.96,40.0,-20.25
9-May-2017,2342.45,2362.0,2333.6,2352.75,2349.1517955602435,41714,4465,97992518.0,17794.0,42.66,28.4,10.3
8-May-2017,2325.0,2346.9,2318.0,2341.9,2337.533407539764,34139,3444,79801053.0,17454.0,51.13,28.9,16.9
5-May-2017,2302.0,2331.8,2302.0,2319.95,2319.3370176696567,171537,6753,397852114.0,114557.0,66.78,29.8,17.95
4-May-2017,2345.0,2348.0,2311.0,2327.1,2326.24263474558,334408,4504,777914147.0,280940.0,84.01,37.0,-17.9
3-May-2017,2299.0,2343.5,2271.45,2337.4,2325.507898943673,127612,5908,296762714.0,52563.0,41.19,72.05,38.4
2-May-2017,2297.0,2301.5,2280.1,2291.95,2289.5761503564486,138870,3966,317953440.0,110539.0,79.6,21.4,-5.05
28-April-2017,2301.4,2302.0,2265.3,2272.1,2281.290030091466,100693,5284,229709937.0,43293.0,43.0,36.7,-29.3
27-April-2017,2320.0,2329.65,2285.05,2301.4,2318.3120619627844,158805,4968,368159547.0,119196.0,75.06,44.6,-18.6
26-April-2017,2330.25,2341.0,2304.0,2310.45,2312.3826757946968,153958,2632,356009812.0,119057.0,77.33,37.0,-19.8
25-April-2017,2331.0,2343.3,2303.0,2311.3,2314.1554295804094,43042,5078,99605878.0,17106.0,39.74,40.3,-19.7
24-April-2017,2300.0,2337.05,2283.9,2329.1,2316.930394686282,54651,3100,126622563.0,15323.0,28.04,53.15,29.1
21-April-2017,2330.0,2335.45,2301.9,2311.2,2314.104547987484,23329,1560,53985745.0,9879.0,42.35,33.55,-18.8
20-April-2017,2318.9,2334.0,2292.0,2328.35,2312.9254927227366,60531,3745,140003693.0,23051.0,38.08,42.0,9.45
19-April-2017,2285.0,2348.45,2255.0,2301.75,2299.7468834189135,217145,9243,499378537.0,46393.0,21.36,93.45,16.75
18-April-2017,2325.0,2338.95,2302.5,2308.65,2320.841828989013,77726,4349,180389752.0,25450.0,32.74,36.45,-16.35
17-April-2017,2332.5,2333.05,2300.0,2320.85,2311.4399071149137,47801,3362,110489139.0,12290.0,25.71,33.05,-11.65
13-April-2017,2400.0,2408.0,2321.35,2327.85,2343.8401017567794,108494,5988,254292588.0,38845.0,35.8,86.65,-72.15
12-April-2017,2419.15,2427.0,2380.6,2394.2,2401.4614134321564,30762,1698,73873756.0,10217.0,33.21,46.4,-24.95
11-April-2017,2420.0,2442.0,2410.0,2420.8,2427.1308881104474,24265,1273,58894331.0,8855.0,36.49,32.0,0.8
10-April-2017,2430.0,2448.0,2408.1,2421.15,2433.83666899069,48766,3067,118688479.0,13884.0,28.47,39.9,-8.85
7-April-2017,2400.0,2430.0,2394.4,2427.1,2418.2834454557446,37905,2414,91665034.0,12387.0,32.68,35.6,27.1
6-April-2017,2401.2,2410.05,2390.0,2399.75,2399.590242844753,23060,1451,55334551.0,7553.0,32.75,20.05,-1.45
5-April-2017,2417.0,2418.5,2395.0,2402.85,2402.655377877368,39272,2044,94357082.0,14291.0,36.39,23.5,-14.15
3-April-2017,2435.0,2435.0,2410.0,2413.3,2418.136681007123,28358,1548,68573520.0,14733.0,51.95,25.0,-21.7
31-March-2017,2439.0,2440.0,2414.85,2431.1,2426.43697509024,83943,2413,203682399.0,14976.0,17.84,25.15,-7.9
30-March-2017,2440.0,2465.0,2435.0,2443.75,2455.6956472619877,61961,3314,152157358.0,32937.0,53.16,30.0,3.75
29-March-2017,2431.25,2447.9,2426.55,2443.75,2439.3110168368025,30172,2010,73598892.0,14289.0,47.36,21.35,12.5
28-March-2017,2412.1,2441.85,2412.1,2429.85,2432.0144100580274,31020,1762,75441087.0,14333.0,46.21,29.75,17.75
27-March-2017,2428.0,2441.0,2407.0,2412.1,2418.080250538266,81744,3981,197663552.0,47689.0,58.34,34.0,-15.9
24-March-2017,2465.0,2470.0,2423.7,2426.75,2438.3195102478862,152812,4851,372604481.0,114949.0,75.22,46.3,-38.25
23-March-2017,2478.0,2486.0,2448.5,2458.9,2463.265778924143,64358,4207,158530859.0,28052.0,43.59,37.5,-19.1
22-March-2017,2487.0,2495.0,2470.0,2479.1,2480.580624327233,55740,2103,138267564.0,31208.0,55.99,25.0,-7.9
21-March-2017,2482.0,2493.9,2466.0,2486.15,2482.6443482262384,47808,2161,118690261.0,25471.0,53.28,27.9,4.15
20-March-2017,2518.0,2523.4,2467.05,2480.8,2488.7583642436657,54189,4071,134863327.0,21113.0,38.96,56.35,-37.2
17-March-2017,2548.0,2548.0,2512.45,2526.85,2523.8808842319045,179229,2802,452352647.0,142852.0,79.7,35.55,-21.15
16-March-2017,2501.0,2525.0,2501.0,2518.95,2517.024873275964,33932,2344,85407688.0,7846.0,23.12,24.0,17.95
15-March-2017,2565.0,2570.0,2496.05,2500.3,2512.120689085624,60544,4639,152093835.0,16655.0,27.51,73.95,-64.7
14-March-2017,2550.0,2584.0,2550.0,2562.35,2572.1612491501564,395661,4276,1017703892.0,360074.0,91.01,34.0,12.35
10-March-2017,2525.0,2548.5,2519.5,2541.8,2535.576750361784,67029,2303,169957174.0,47609.0,71.03,29.0,16.8
9-March-2017,2513.9,2524.9,2503.5,2519.55,2516.097367062468,77480,2131,194947224.0,57777.0,74.57,21.4,5.65
8-March-2017,2499.0,2520.0,2492.0,2513.9,2505.4303676507566,79532,3095,199261888.0,54503.0,68.53,28.0,14.9
7-March-2017,2472.0,2507.45,2472.0,2500.7,2495.435509652035,48798,4577,121772262.0,19121.0,39.18,35.45,28.7
6-March-2017,2475.0,2482.45,2454.9,2470.65,2463.9737578726385,208634,3824,514068701.0,158037.0,75.75,27.55,-4.35
3-March-2017,2501.0,2501.0,2476.0,2492.35,2488.574616577632,34818,2145,86647191.0,9688.0,27.82,25.0,-8.65
2-March-2017,2480.0,2510.0,2479.1,2501.15,2497.300108106144,110077,9157,274895304.0,48841.0,44.37,30.9,21.15
1-March-2017,2484.0,2501.0,2471.4,2480.05,2488.034791525975,39981,3328,99474119.0,15109.0,37.79,29.6,-3.95
28-February-2017,2488.9,2491.25,2451.55,2466.5,2466.637610186092,37777,2992,93182169.0,9082.0,24.04,39.7,-22.4
27-February-2017,2481.0,2500.0,2473.05,2488.9,2488.513813242339,60956,4081,151689848.0,13687.0,22.45,26.95,7.9
23-February-2017,2410.0,2491.0,2410.0,2481.65,2465.4490105620976,115318,7765,284310649.0,42879.0,37.18,81.0,71.65
22-February-2017,2465.0,2471.45,2402.0,2409.55,2423.61618216979,128759,8269,312062396.0,42973.0,33.37,69.45,-55.45
21-February-2017,2516.0,2525.0,2455.2,2464.3,2482.9056918350648,323885,14861,804175910.0,138563.0,42.78,69.8,-51.7
20-February-2017,2419.0,2555.0,2412.0,2506.5,2490.5772602850416,198006,10189,493149241.0,71302.0,36.01,143.0,87.5
17-February-2017,2452.05,2474.0,2402.15,2408.15,2423.517497731345,85954,4545,208311023.0,27007.0,31.42,71.85,-43.9
16-February-2017,2450.0,2477.5,2436.3,2446.9,2451.15422157473,151010,7889,370148799.0,72573.0,48.06,41.2,-3.1
15-February-2017,2400.0,2427.0,2378.35,2415.7,2407.4138660173644,62426,3693,150285218.0,19290.0,30.9,48.65,15.7
14-February-2017,2414.0,2415.0,2396.5,2402.95,2408.4584143330003,57099,2563,137520567.0,16776.0,29.38,18.5,-11.05
13-February-2017,2403.3,2425.0,2382.75,2410.3,2409.061079640866,89326,5339,215191790.0,16168.0,18.1,42.25,7.0
10-February-2017,2304.0,2420.9,2304.0,2396.7,2369.8318739919023,121516,8256,287972490.0,37591.0,30.94,116.9,92.7
9-February-2017,2270.0,2330.9,2269.0,2324.25,2312.4183036811746,492207,6511,1138188476.0,443501.0,90.1,61.9,54.25
8-February-2017,2240.0,2281.0,2240.0,2262.65,2267.520790262259,86098,5021,195229005.0,44294.0,51.45,41.0,22.65
7-February-2017,2241.0,2250.0,2226.0,2244.8,2242.459016393442,61122,3691,137063580.0,28761.0,47.06,24.0,3.8
6-February-2017,2248.2,2254.4,2216.0,2240.55,2232.6141318623586,68526,3377,152992116.0,27398.0,39.98,38.4,-7.65
3-February-2017,2205.8,2242.0,2192.0,2233.75,2220.1183918646093,80242,4786,178146740.0,24155.0,30.1,50.0,27.95
2-February-2017,2170.0,2218.9,2154.3,2205.8,2183.47822316307,146440,11320,319748551.0,31108.0,21.24,64.6,35.8
1-February-2017,2224.35,2239.95,2162.0,2169.45,2174.22893626238,304718,10736,662526693.0,176993.0,58.08,77.95,-54.9
31-January-2017,2334.0,2334.0,2206.55,2229.9,2237.4136848264493,223883,12519,500918888.0,78652.0,35.13,127.45,-104.1
30-January-2017,2340.0,2348.05,2322.05,2334.2,2333.059987166154,90386,2205,210875960.0,68226.0,75.48,26.0,-5.8
27-January-2017,2350.0,2377.3,2347.5,2358.05,2363.2985423910136,44868,3265,106036479.0,13395.0,29.85,29.8,8.05
25-January-2017,2318.0,2359.95,2318.0,2352.7,2344.03759712882,57398,3445,134543070.0,27693.0,48.25,41.95,34.7
24-January-2017,2310.0,2324.0,2294.5,2318.0,2313.6076039251584,116887,2668,270430652.0,95581.0,81.77,29.5,8.0
23-January-2017,2259.0,2311.0,2259.0,2305.7,2297.802522480439,85630,4227,196760830.0,44570.0,52.05,52.0,46.7
20-January-2017,2291.0,2300.0,2266.0,2287.45,2284.203253082037,30986,2079,70778322.0,10796.0,34.84,34.0,-3.55
19-January-2017,2295.0,2297.0,2283.0,2290.3,2288.189813364365,67029,2505,153375075.0,50646.0,75.56,14.0,-4.7
18-January-2017,2284.6,2297.0,2267.0,2295.0,2284.12405866698,119113,3702,272068869.0,88437.0,74.25,30.0,10.4
17-January-2017,2260.0,2287.0,2252.55,2277.65,2277.2516790012905,37969,2890,86464969.0,16111.0,42.43,34.45,17.65
16-January-2017,2252.0,2273.9,2230.0,2258.55,2257.994963382617,144740,5667,326822191.0,77719.0,53.7,43.9,6.55
13-January-2017,2350.0,2368.0,2241.5,2252.0,2272.6327520291666,456961,25525,1038504535.0,154967.0,33.91,126.5,-98.0
12-January-2017,2339.9,2359.75,2303.0,2343.3,2334.193960489357,107161,7010,250134559.0,24156.0,22.54,56.75,3.4
11-January-2017,2315.45,2328.0,2282.0,2323.05,2306.849808396672,47233,3229,108959437.0,10459.0,22.14,46.0,7.6
10-January-2017,2319.0,2328.3,2289.0,2315.45,2316.6267328218496,106618,4428,246994109.0,70938.0,66.53,39.3,-3.55
9-January-2017,2288.0,2310.0,2257.05,2303.75,2286.290985532336,40435,2907,92446176.0,6699.0,16.57,52.95,15.75
6-January-2017,2320.0,2329.8,2257.0,2283.6,2282.569350130821,264484,7145,603703072.0,198743.0,75.14,72.8,-36.4
5-January-2017,2378.55,2387.0,2325.0,2334.55,2350.99323758944,58559,4641,137671813.0,18851.0,32.19,62.0,-44.0
4-January-2017,2369.1,2386.0,2358.5,2378.55,2374.7806863776245,25671,1838,60962995.0,8853.0,34.49,27.5,9.45
3-January-2017,2361.0,2371.35,2344.05,2368.5,2356.719368070503,49246,3549,116059002.0,24565.0,49.88,27.3,7.5
2-January-2017,2365.0,2375.0,2352.9,2359.05,2366.435336251492,25130,1644,59468520.0,6621.0,26.35,22.1,-5.95
30-December-2016,2351.9,2375.9,2351.9,2361.95,2365.270305455773,41479,3269,98109047.0,13043.0,31.44,24.0,10.05
29-December-2016,2304.9,2355.0,2304.9,2350.75,2345.5704697986575,41571,2592,97507710.0,13822.0,33.25,50.1,45.85
28-December-2016,2325.0,2349.0,2308.05,2315.8,2335.514897910731,33696,2857,78697510.0,10046.0,29.81,40.95,-9.2
27-December-2016,2290.0,2329.0,2288.85,2321.85,2318.8783336014158,31085,2375,72082333.0,9254.0,29.77,40.15,31.85
26-December-2016,2280.0,2300.0,2272.5,2292.1,2290.491588298461,30731,2077,70389097.0,10653.0,34.67,27.5,12.1
23-December-2016,2309.0,2315.7,2280.0,2290.2,2296.990592728816,28276,1839,64949706.0,9243.0,32.69,35.7,-18.8
22-December-2016,2312.75,2324.7,2286.0,2309.85,2306.1189374025917,42989,2334,99137747.0,20698.0,48.15,38.7,-2.9
21-December-2016,2345.0,2345.0,2305.0,2312.75,2318.8243196367193,31711,3432,73532238.0,13064.0,41.2,40.0,-32.25
20-December-2016,2290.0,2344.0,2287.45,2337.75,2327.677331065409,64670,4815,150530893.0,18059.0,27.92,56.55,47.75
19-December-2016,2288.0,2296.05,2262.9,2287.5,2275.835168829281,27513,1978,62615053.0,10169.0,36.96,33.15,-0.5
16-December-2016,2270.1,2286.0,2257.6,2281.75,2275.0114002866867,44648,3201,101574709.0,14260.0,31.94,28.4,11.65
15-December-2016,2207.9,2271.5,2200.55,2259.5,2252.020753454984,106151,9049,239054255.0,34605.0,32.6,70.95,51.6
14-December-2016,2202.0,2223.0,2190.0,2207.9,2206.933371257911,56252,3712,124144416.0,23939.0,42.56,33.0,5.9
13-December-2016,2244.0,2244.0,2185.0,2200.85,2200.4884902326494,40748,2981,89665505.0,11130.0,27.31,59.0,-43.15
12-December-2016,2195.0,2215.5,2166.0,2206.25,2202.4422909957875,217687,4239,479443055.0,170616.0,78.38,49.5,11.25
9-December-2016,2201.55,2220.95,2175.0,2193.45,2201.219788491212,53142,3481,116977222.0,16567.0,31.17,45.95,-8.1
8-December-2016,2160.0,2200.0,2160.0,2196.9,2192.239708671331,62747,2531,137556465.0,35204.0,56.1,40.0,36.9
7-December-2016,2190.0,2190.0,2151.0,2158.2,2167.742768094892,66096,3900,143279126.0,26836.0,40.6,39.0,-31.8
6-December-2016,2195.0,2204.0,2177.0,2190.45,2191.8348778248896,45754,2511,100285213.0,19375.0,42.35,27.0,-4.55
5-December-2016,2221.0,2235.15,2173.0,2186.45,2192.342521654424,37983,3708,83271746.0,8639.0,22.74,62.15,-34.55
2-December-2016,2265.0,2269.9,2208.0,2223.9,2234.6795282182607,40612,2893,90754805.0,10812.0,26.62,61.9,-41.1
1-December-2016,2290.0,2290.0,2256.65,2266.45,2271.4063089468646,34459,2368,78270390.0,9260.0,26.87,33.35,-23.55
30-November-2016,2262.5,2295.0,2244.05,2276.75,2270.9193012338496,48142,3273,109326597.0,11362.0,23.6,50.95,14.25
29-November-2016,2280.5,2290.25,2251.35,2258.4,2270.9486230758366,35405,2257,80402936.0,9440.0,26.66,38.9,-22.1
28-November-2016,2300.0,2317.7,2254.4,2277.3,2283.7388038856648,64442,5330,147168696.0,14547.0,22.57,63.3,-22.7
25-November-2016,2199.95,2310.0,2196.1,2300.85,2272.8579653637457,153885,8253,349758748.0,56385.0,36.64,113.9,100.9
24-November-2016,2155.0,2208.0,2140.0,2186.5,2192.5713184038223,264532,3527,580005276.0,221733.0,83.82,68.0,31.5
23-November-2016,2141.15,2162.3,2129.6,2156.7,2150.417422611657,368854,1974,793190068.0,342808.0,92.94,32.7,15.55
22-November-2016,2132.0,2174.9,2121.65,2134.3,2148.0198785475277,40345,3041,86661862.0,10103.0,25.04,53.25,2.3
21-November-2016,2130.0,2141.0,2107.0,2132.55,2127.3131134390333,42384,2035,90164039.0,11829.0,27.91,34.0,2.55
18-November-2016,2146.0,2149.05,2106.5,2123.15,2123.7425032594524,47554,3122,100992451.0,8506.0,17.89,42.55,-22.85
17-November-2016,2189.0,2204.7,2135.2,2142.15,2162.5511574622737,63285,4247,136857050.0,17886.0,28.26,69.5,-46.85
16-November-2016,2125.0,2209.5,2125.0,2190.25,2192.528608568541,509655,4828,1117433168.0,461475.0,90.55,84.5,65.25
15-November-2016,2115.0,2156.4,2054.7,2122.1,2108.8041242219615,60569,4358,127728157.0,15038.0,24.83,101.7,7.1
11-November-2016,2145.0,2146.0,2091.0,2105.05,2112.486868333625,85785,6740,181219686.0,23624.0,27.54,55.0,-39.95
10-November-2016,2200.0,2219.0,2142.0,2158.05,2186.604734274034,75830,4781,165810237.0,26230.0,34.59,77.0,-41.95
9-November-2016,2220.9,2275.0,2142.3,2171.05,2179.454664317581,378587,14601,825113203.0,192934.0,50.96,132.7,-49.85
8-November-2016,2280.0,2307.5,2262.3,2283.7,2283.368798619729,66074,4631,150871310.0,17845.0,27.01,45.2,3.7
7-November-2016,2331.5,2339.0,2263.1,2279.35,2297.9125693792785,137469,4330,315891743.0,86808.0,63.15,75.9,-52.15
4-November-2016,2301.0,2336.0,2294.95,2330.1,2316.2334292581118,63244,2944,146487867.0,34560.0,54.65,41.05,29.1
3-November-2016,2294.0,2333.55,2284.0,2319.95,2314.0408053381534,52003,3692,120337064.0,13490.0,25.94,49.55,25.95
2-November-2016,2340.0,2340.0,2296.15,2304.45,2325.317322285821,662834,4391,1541299382.0,620496.0,93.61,43.85,-35.55
1-November-2016,2394.0,2394.6,2335.05,2347.7,2365.7794000319127,37602,2970,88958037.0,16386.0,43.58,59.55,-46.3
30-October-2016,2400.0,2424.0,2390.0,2394.6,2397.084464964693,7364,798,17652130.0,3093.0,42.0,34.0,-5.4
28-October-2016,2413.25,2415.0,2383.0,2399.25,2399.9590687194886,34619,2336,83084183.0,15324.0,44.26,32.0,-14.0
27-October-2016,2380.0,2425.0,2366.9,2413.25,2389.003371034889,54286,7251,129689437.0,21379.0,39.38,58.1,33.25
26-October-2016,2398.65,2403.95,2373.0,2396.95,2389.7145143184694,41869,2309,100054957.0,18435.0,44.03,30.95,-1.7
25-October-2016,2398.0,2414.4,2388.9,2398.65,2401.3931284530386,34752,2126,83453214.0,9267.0,26.67,25.5,0.65
24-October-2016,2428.0,2430.55,2404.0,2427.85,2419.9679013578275,20032,1488,48476797.0,6783.0,33.86,26.55,-0.15
21-October-2016,2398.0,2431.25,2398.0,2428.7,2422.0474636675,43212,2395,104661515.0,23969.0,55.47,33.25,30.7
20-October-2016,2390.1,2408.75,2386.0,2399.85,2401.1706341995277,27515,1834,66068210.0,8673.0,31.52,22.75,9.75
19-October-2016,2405.0,2405.0,2371.2,2394.2,2385.9114476433497,54081,2605,129032477.0,25975.0,48.03,33.8,-10.8
18-October-2016,2371.0,2410.0,2355.0,2398.3,2377.729268027507,73582,4649,174958075.0,32857.0,44.65,55.0,27.3
17-October-2016,2367.1,2377.0,2348.05,2362.9,2361.652137351086,57080,2676,134803104.0,27863.0,48.81,28.95,-4.2
14-October-2016,2322.0,2384.4,2298.85,2365.9,2347.2153735308193,181819,9102,426768352.0,28402.0,15.62,85.55,43.9
13-October-2016,2355.0,2367.85,2323.25,2328.5,2343.456443390036,396220,6377,928524312.0,307639.0,77.64,44.6,-26.5
10-October-2016,2370.0,2385.0,2352.8,2380.1,2376.4801677738446,82492,3789,196040602.0,45487.0,55.14,32.2,10.1
7-October-2016,2388.0,2388.0,2356.9,2368.25,2367.208287230439,44285,3324,104831819.0,19789.0,44.69,31.1,-19.75
6-October-2016,2390.0,2397.55,2372.0,2384.25,2385.092995699113,45572,2780,108693458.0,12423.0,27.26,25.55,-5.75
5-October-2016,2406.0,2413.4,2376.0,2382.55,2387.726988642486,46401,2898,110792920.0,12178.0,26.25,37.4,-23.45
4-October-2016,2412.0,2422.3,2395.05,2401.1,2409.351846488052,759550,3090,1830023195.0,728454.0,95.91,27.25,-10.9
3-October-2016,2440.0,2455.0,2401.3,2411.8,2412.847393891832,91746,5818,221369097.0,54449.0,59.35,53.7,-28.2
30-September-2016,2435.0,2448.0,2425.0,2427.2,2434.626186511955,174777,1892,425516661.0,156957.0,89.8,23.0,-7.8
29-September-2016,2428.0,2449.6,2419.45,2434.6,2434.0575601374567,350364,4287,852806143.0,305953.0,87.32,30.15,6.6
28-September-2016,2430.0,2436.0,2415.0,2423.45,2427.648150185453,127256,2113,308932793.0,111826.0,87.87,21.0,-6.55
27-September-2016,2405.0,2445.0,2405.0,2430.7,2431.6533109344837,39883,2886,96981629.0,9598.0,24.07,40.0,25.7
26-September-2016,2393.0,2416.9,2393.0,2400.85,2409.2137814308157,279463,2846,673286111.0,261181.0,93.46,23.9,7.85
23-September-2016,2384.0,2401.5,2375.0,2397.3,2387.361884528528,441044,3180,1052931635.0,412986.0,93.64,26.5,13.3
22-September-2016,2428.5,2428.5,2371.0,2377.65,2391.453178697821,234530,8429,560867514.0,132201.0,56.37,57.5,-50.85
21-September-2016,2406.5,2421.4,2401.05,2413.5,2417.6300673491346,842921,4563,2037871154.0,791313.0,93.88,20.35,7.0
20-September-2016,2407.35,2419.9,2385.0,2411.1,2400.286520743463,37554,2486,90140360.0,9396.0,25.02,34.9,3.75
19-September-2016,2363.8,2422.95,2350.35,2407.35,2404.686363636364,85800,6178,206322090.0,27700.0,32.28,72.6,43.55
16-September-2016,2345.0,2376.95,2320.0,2361.15,2342.5911351482614,197657,6693,463029536.0,105633.0,53.44,56.95,16.15
15-September-2016,2339.0,2344.5,2318.0,2328.05,2325.39508618493,121657,5127,282900590.0,69921.0,57.47,26.5,-10.95
14-September-2016,2359.1,2374.95,2311.0,2328.55,2327.0616718862925,132832,6847,309108256.0,76921.0,57.91,63.95,-30.55
12-September-2016,2337.5,2364.6,2320.0,2359.1,2354.237034729793,70631,4371,166282116.0,29706.0,42.06,44.6,21.6
9-September-2016,2325.0,2366.0,2320.0,2352.5,2347.3265553869496,95555,6371,224298789.0,33230.0,34.78,46.0,27.5
8-September-2016,2367.0,2367.0,2287.0,2321.15,2315.5252880646162,301842,26702,698922784.0,107632.0,35.66,80.0,-45.85
7-September-2016,2509.0,2509.0,2424.0,2447.0,2466.1085532600086,146564,7484,361442734.0,79154.0,54.01,85.0,-62.0
6-September-2016,2514.0,2544.0,2481.0,2484.05,2486.292832174548,260330,3849,647256613.0,225567.0,86.65,63.0,-29.95
2-September-2016,2515.0,2519.0,2499.1,2513.5,2508.62064853017,31024,2477,77827447.0,8838.0,28.49,19.9,-1.5
1-September-2016,2529.0,2530.0,2489.95,2507.6,2507.0177679712,25833,1939,64763790.0,7023.0,27.19,40.05,-21.4
31-August-2016,2547.0,2547.0,2501.0,2512.55,2524.7317405028843,36748,2322,92778842.0,10721.0,29.17,46.0,-34.45
30-August-2016,2510.0,2574.75,2501.6,2548.7,2529.6124724871606,34075,2430,86196545.0,10765.0,31.59,73.15,38.7
29-August-2016,2530.0,2533.95,2471.15,2501.6,2491.952169171523,58686,4482,146242705.0,17749.0,30.24,62.8,-28.4
26-August-2016,2555.1,2571.55,2521.05,2529.15,2538.863590042218,27476,2103,69757816.0,6203.0,22.58,50.5,-25.95
25-August-2016,2576.0,2589.2,2529.0,2550.1,2554.9607483262766,47947,3087,122502703.0,14308.0,29.84,60.2,-25.9
24-August-2016,2601.0,2601.0,2568.1,2571.9,2581.6495593022946,37781,2050,97537302.0,16120.0,42.67,32.9,-29.1
23-August-2016,2536.0,2606.0,2536.0,2603.2,2594.649607353204,44824,2688,116302574.0,13672.0,30.5,70.0,67.2
22-August-2016,2581.0,2593.5,2540.0,2551.45,2560.99428612242,42003,3228,107569443.0,9332.0,22.22,53.5,-29.55
19-August-2016,2636.0,2647.8,2600.0,2603.95,2610.61422880266,31879,3307,83223771.0,12701.0,39.84,47.8,-32.05
18-August-2016,2630.0,2657.0,2630.0,2636.7,2645.3532024731376,16659,1410,44068939.0,4912.0,29.49,27.0,6.7
17-August-2016,2695.0,2695.0,2618.0,2623.9,2636.8612848794137,48596,2757,128140911.0,24034.0,49.46,77.0,-71.1
16-August-2016,2740.0,2740.0,2674.0,2691.45,2704.1527137589305,34712,3189,93866549.0,8806.0,25.37,66.0,-48.55
12-August-2016,2706.0,2740.0,2705.95,2732.35,2730.497667708584,41590,3937,113561398.0,13876.0,33.36,34.05,26.35
11-August-2016,2670.0,2715.0,2669.5,2704.3,2701.47731318024,34271,3148,92582329.0,11795.0,34.42,45.5,34.3
10-August-2016,2650.0,2680.0,2647.0,2673.9,2669.525443518873,57382,3419,153182709.0,21119.0,36.8,33.0,23.9
9-August-2016,2651.9,2659.0,2610.0,2650.55,2646.3237653522306,50237,4960,132943367.0,23547.0,46.87,49.0,-1.35
8-August-2016,2648.0,2666.8,2631.45,2651.9,2652.3700008675282,34581,2286,91721607.0,14931.0,43.18,35.35,3.9
5-August-2016,2660.0,2682.9,2633.0,2648.9,2662.0619362597718,101443,2746,270047549.0,77946.0,76.84,49.9,-11.1
4-August-2016,2678.7,2682.05,2638.95,2652.65,2662.176507936508,55125,2629,146752480.0,24558.0,44.55,43.1,-26.05
3-August-2016,2680.5,2694.0,2648.85,2656.25,2665.218022948193,66149,3216,176301507.0,45577.0,68.9,45.15,-24.25
2-August-2016,2696.0,2716.0,2686.05,2692.1,2693.702494450361,155866,4527,419856633.0,115483.0,74.09,29.95,-3.9
1-August-2016,2620.0,2720.0,2620.0,2698.0,2694.232143788124,153448,8648,413424534.0,60087.0,39.16,100.0,78.0
29-July-2016,2614.0,2632.0,2599.2,2618.55,2618.6861827804555,42324,3878,110833274.0,12554.0,29.66,32.8,4.55
28-July-2016,2577.0,2626.6,2577.0,2615.55,2600.561574312109,60293,4677,156795659.0,23089.0,38.29,49.6,38.55
27-July-2016,2550.0,2580.0,2548.3,2576.1,2568.532407818353,56329,5938,144682862.0,24314.0,43.16,31.7,26.1
26-July-2016,2551.0,2563.0,2531.3,2548.3,2549.699866856649,42811,4830,109155201.0,12804.0,29.91,31.7,-2.7
25-July-2016,2508.5,2555.0,2507.05,2551.55,2536.7063507199387,62922,4699,159614637.0,23765.0,37.77,47.95,43.05
22-July-2016,2490.0,2520.9,2480.0,2509.15,2509.221164889253,42665,3761,107055921.0,9577.0,22.45,40.9,19.15
21-July-2016,2490.0,2515.0,2466.0,2501.25,2493.348963414634,49200,4390,122672769.0,10931.0,22.22,49.0,11.25
20-July-2016,2458.0,2499.0,2448.05,2493.25,2487.5046875,58240,4682,144872273.0,20184.0,34.66,50.95,35.25
19-July-2016,2430.0,2467.05,2430.0,2461.55,2452.250279765777,38425,4078,94227717.0,13315.0,34.65,37.05,31.55
18-July-2016,2445.0,2470.0,2428.95,2433.5,2443.650963738056,91363,6931,223259283.0,39866.0,43.63,41.05,-11.5
15-July-2016,2524.0,2528.0,2428.05,2441.9,2464.789788607101,289461,21065,713460517.0,72475.0,25.04,99.95,-82.1
14-July-2016,2488.5,2526.85,2472.05,2520.3,2506.0655145929336,91140,6779,228402811.0,25729.0,28.23,54.8,31.8
13-July-2016,2476.0,2498.0,2451.55,2491.4,2484.3402707366095,56217,4230,139662157.0,18030.0,32.07,46.45,15.4
12-July-2016,2469.0,2476.65,2437.0,2461.5,2454.8948030176025,31018,3018,76145927.0,9298.0,29.98,39.65,-7.5
11-July-2016,2427.0,2469.0,2427.0,2463.65,2454.2845560609057,50570,6838,124113170.0,17329.0,34.27,42.0,36.65
8-July-2016,2435.0,2443.0,2404.5,2425.5,2429.7108589951376,114145,7013,277339346.0,75732.0,66.35,38.5,-9.5
7-July-2016,2488.0,2492.9,2425.0,2429.05,2450.0120584768383,73807,5424,180828040.0,34274.0,46.44,67.9,-58.95
5-July-2016,2498.0,2498.0,2477.0,2482.7,2485.047807451368,30330,2656,75371500.0,11608.0,38.27,21.0,-15.3
4-July-2016,2520.0,2525.0,2490.0,2494.8,2507.9320701089528,52775,3957,132356115.0,21968.0,41.63,35.0,-25.2
1-July-2016,2553.1,2571.0,2495.0,2501.8,2523.9884247403247,48811,5287,123198399.0,18644.0,38.2,76.0,-51.3
30-June-2016,2514.0,2563.8,2500.55,2550.8,2522.1961813225294,185614,6964,468154922.0,137008.0,73.81,63.25,36.8
29-June-2016,2477.0,2509.0,2467.0,2499.6,2488.198669934696,58343,4778,145168975.0,17839.0,30.58,42.0,22.6
28-June-2016,2495.5,2502.0,2455.0,2461.8,2476.827830087738,93460,5680,231484329.0,36487.0,39.04,47.0,-33.7
27-June-2016,2548.0,2548.0,2484.15,2495.35,2499.5685708275164,104578,8039,261399882.0,27476.0,26.27,63.85,-52.65
24-June-2016,2585.0,2592.1,2517.1,2570.7,2552.530086785656,152675,10234,389707531.0,59176.0,38.76,75.0,-14.3
23-June-2016,2654.1,2657.95,2625.0,2644.3,2642.1214738196572,40412,3114,106773413.0,11984.0,29.65,32.95,-9.8
22-June-2016,2647.3,2675.45,2634.0,2665.5,2657.4803413264203,55548,4780,147617718.0,11413.0,20.55,41.45,18.2
21-June-2016,2660.0,2661.1,2640.0,2647.3,2648.5292856154592,43366,2965,114856121.0,23653.0,54.54,21.1,-12.7
20-June-2016,2599.5,2662.95,2594.8,2655.7,2644.0813632365875,113700,6415,300632051.0,73942.0,65.03,68.15,56.2
17-June-2016,2559.0,2609.8,2559.0,2603.5,2592.243242607448,42509,3755,110193668.0,19019.0,44.74,50.8,44.5
16-June-2016,2560.5,2564.8,2517.75,2557.1,2539.497749859366,31998,3337,81258849.0,10830.0,33.85,47.05,-3.4
15-June-2016,2530.0,2563.7,2523.6,2555.7,2542.847467936004,37815,2647,96157777.0,15212.0,40.23,40.1,25.7
14-June-2016,2550.0,2556.9,2518.25,2534.7,2530.979556691295,36002,2884,91120326.0,15198.0,42.21,38.65,-15.3
13-June-2016,2550.0,2555.65,2521.0,2551.95,2541.576293008985,36504,3686,92777701.0,9388.0,25.72,34.65,1.95
10-June-2016,2577.0,2602.25,2556.0,2560.95,2572.929284937197,30333,3579,78044664.0,6177.0,20.36,46.25,-16.05
9-June-2016,2620.0,2624.6,2558.0,2577.5,2579.555975122168,40518,4256,104518449.0,11543.0,28.49,66.6,-42.5
8-June-2016,2630.0,2630.0,2606.95,2611.1,2614.4918770581776,18220,1935,47636042.0,6153.0,33.77,23.05,-18.9
7-June-2016,2627.0,2638.9,2615.0,2631.45,2628.7316482185142,18159,1848,47735138.0,5130.0,28.25,23.9,4.45
6-June-2016,2629.55,2639.85,2605.0,2611.35,2622.056091752319,31912,3159,83675054.0,14032.0,43.97,34.85,-18.2
3-June-2016,2651.0,2658.6,2620.6,2630.85,2634.0100496932346,36021,3030,94879676.0,12973.0,36.02,38.0,-20.15
2-June-2016,2629.5,2651.0,2609.0,2646.9,2637.9308705984013,32403,3484,85476874.0,8793.0,27.14,42.0,17.4
1-June-2016,2577.9,2642.55,2571.85,2631.85,2624.9929959260417,63820,5618,167527053.0,20049.0,31.41,70.7,53.95
31-May-2016,2621.0,2645.45,2570.0,2575.1,2595.3522255255443,47427,4494,123089770.0,12673.0,26.72,75.45,-45.9
30-May-2016,2585.0,2643.0,2585.0,2635.35,2615.3919003115266,65805,5809,172105864.0,29001.0,44.07,58.0,50.35
27-May-2016,2561.0,2580.0,2550.0,2572.05,2567.227332135272,61210,4667,157139985.0,25982.0,42.45,30.0,11.05
26-May-2016,2526.0,2569.0,2506.3,2552.8,2539.1708773051914,56286,3496,142919772.0,29871.0,53.07,62.7,26.8
25-May-2016,2488.55,2532.0,2488.55,2526.7,2513.472786642518,75643,2796,190126622.0,56516.0,74.71,43.45,38.15
24-May-2016,2483.9,2488.0,2461.0,2467.5,2465.2641304059257,113001,2271,278577312.0,95461.0,84.48,27.0,-16.4
23-May-2016,2532.0,2547.75,2481.0,2491.7,2508.0486889408585,189427,7455,475092139.0,133934.0,70.7,66.75,-40.3
20-May-2016,2564.95,2565.0,2526.0,2532.05,2543.777049898936,82126,5326,208910234.0,44687.0,54.41,39.0,-32.9
19-May-2016,2550.0,2559.9,2527.75,2555.55,2548.105830614272,42294,2992,107769588.0,21035.0,49.74,32.15,5.55
18-May-2016,2570.2,2570.2,2527.7,2550.45,2544.3109556965924,32458,3635,82583245.0,6870.0,21.17,42.5,-19.75
17-May-2016,2556.0,2590.85,2553.0,2570.2,2574.1912371520743,53316,6598,137245580.0,20931.0,39.26,37.85,14.2
16-May-2016,2524.0,2563.95,2524.0,2553.8,2545.731514432582,27819,2861,70819705.0,8343.0,29.99,39.95,29.8
13-May-2016,2565.0,2565.0,2512.0,2523.4,2529.393161129533,47347,3485,119759178.0,16558.0,34.97,53.0,-41.6
12-May-2016,2519.0,2570.0,2519.0,2567.05,2554.849571345539,55056,5822,140659798.0,20435.0,37.12,51.0,48.05
11-May-2016,2515.0,2524.0,2488.05,2517.75,2513.0808938731757,48508,4012,121904528.0,22126.0,45.61,35.95,2.75
10-May-2016,2514.0,2532.85,2497.1,2523.6,2519.743709904909,21979,2224,55381447.0,6813.0,31.0,35.75,9.6
9-May-2016,2472.15,2519.9,2458.65,2515.35,2502.239148133865,46674,4885,116789510.0,17775.0,38.08,61.25,43.2
6-May-2016,2470.0,2484.0,2432.0,2472.15,2454.4261163337246,27232,2634,66838932.0,5470.0,20.09,52.0,2.15
5-May-2016,2480.65,2490.4,2465.0,2474.0,2474.3278346121056,46920,3410,116095462.0,22867.0,48.74,25.4,-6.65
4-May-2016,2471.0,2492.1,2457.95,2478.25,2472.31116764346,31054,2441,76775151.0,8738.0,28.14,34.15,7.25
3-May-2016,2520.0,2530.0,2475.1,2480.25,2492.568913437473,69522,4507,173288376.0,21311.0,30.65,54.9,-39.75
2-May-2016,2530.05,2530.05,2500.05,2525.15,2516.398711995093,22826,2826,57439317.0,4954.0,21.7,30.0,-4.9
29-April-2016,2520.0,2539.6,2511.1,2530.05,2528.4385572601104,355518,7191,898905419.0,299722.0,84.31,28.5,10.05
28-April-2016,2508.0,2536.35,2500.0,2526.95,2524.546124664173,74071,7564,186995656.0,23747.0,32.06,36.35,18.95
27-April-2016,2489.9,2512.0,2477.35,2505.55,2499.69235923436,44773,5174,111918726.0,11050.0,24.68,34.65,15.65
26-April-2016,2435.0,2492.8,2435.0,2488.0,2478.361790187327,64753,5510,160481361.0,26087.0,40.29,57.8,53.0
25-April-2016,2417.0,2454.2,2406.0,2448.3,2440.2051328694647,65967,3870,160973012.0,28506.0,43.21,48.2,31.3
22-April-2016,2411.0,2435.0,2404.95,2417.2,2419.7489100504818,69728,5521,168724252.0,23009.0,33.0,30.05,6.2
21-April-2016,2462.0,2466.9,2415.0,2423.2,2438.253704054672,89699,6207,218708919.0,19596.0,21.85,51.9,-38.8
20-April-2016,2548.0,2548.0,2442.0,2451.9,2472.22423954176,241795,16820,597771460.0,63956.0,26.45,106.0,-96.1
18-April-2016,2449.0,2553.15,2449.0,2522.4,2501.665893056071,226212,17073,565906845.0,32595.0,14.41,104.15,73.4
13-April-2016,2525.0,2543.4,2513.05,2523.15,2527.0275535846267,33825,3192,85476707.0,9901.0,29.27,30.35,-1.85
12-April-2016,2506.65,2519.25,2487.45,2512.5,2504.063574948598,30641,2653,76727012.0,7315.0,23.87,31.8,5.85
11-April-2016,2450.0,2514.45,2412.15,2506.65,2461.494202581492,54852,4810,135017880.0,19398.0,35.36,102.3,56.65
8-April-2016,2465.0,2466.9,2425.2,2428.7,2437.5394028683963,33259,3092,81070123.0,11229.0,33.76,41.7,-36.3
7-April-2016,2478.9,2483.4,2458.9,2470.95,2470.802449941107,21225,2329,52442782.0,8018.0,37.78,24.5,-7.95
6-April-2016,2465.0,2487.5,2460.05,2478.9,2476.186357148628,37133,3856,91948228.0,11492.0,30.95,27.45,13.9
5-April-2016,2472.3,2484.0,2446.75,2462.65,2470.9594563418423,199390,3159,492684606.0,44067.0,22.1,37.25,-9.65
4-April-2016,2469.0,2487.8,2448.0,2470.7,2462.881281369944,33870,3248,83417789.0,9896.0,29.22,39.8,1.7
1-April-2016,2505.05,2520.95,2435.55,2455.4,2465.9831030989885,68119,10508,167980303.0,23178.0,34.03,85.4,-49.65
31-March-2016,2488.0,2534.0,2472.5,2516.05,2509.9760694534807,49184,5200,123450663.0,12833.0,26.09,61.5,28.05
30-March-2016,2470.0,2503.0,2465.0,2488.35,2488.611721991701,28920,2892,71970651.0,9389.0,32.47,38.0,18.35
29-March-2016,2475.0,2486.4,2450.0,2467.85,2473.0116424679322,29547,2141,73070075.0,9540.0,32.29,36.4,-7.15
28-March-2016,2485.1,2517.95,2461.2,2473.55,2480.67657648597,49715,4349,123326836.0,16826.0,33.84,56.75,-11.55
23-March-2016,2478.0,2485.0,2457.1,2474.7,2474.6962833725556,123230,4059,304956823.0,100610.0,81.64,27.9,-3.3
22-March-2016,2446.0,2485.0,2435.6,2474.05,2457.405090663363,44395,3518,109096499.0,13229.0,29.8,49.4,28.05
21-March-2016,2430.0,2457.0,2419.85,2443.65,2435.76655994462,46226,5357,112595745.0,16262.0,35.18,37.15,13.65
18-March-2016,2363.0,2435.0,2363.0,2427.25,2411.625104887451,82231,6775,198310344.0,35154.0,42.75,72.0,64.25
17-March-2016,2330.1,2361.65,2330.1,2351.75,2347.284364472928,36513,3169,85706394.0,17471.0,47.85,31.55,21.65
16-March-2016,2323.4,2331.0,2308.2,2327.35,2320.5757346586,18512,1801,42958498.0,5485.0,29.63,22.8,3.95
15-March-2016,2355.0,2356.95,2320.0,2329.65,2333.629043945271,23461,2303,54749271.0,9114.0,38.85,36.95,-25.35
14-March-2016,2370.0,2396.9,2340.0,2352.0,2362.5006856235564,27712,2980,65469619.0,7474.0,26.97,56.9,-18.0
11-March-2016,2348.0,2389.9,2336.9,2366.0,2372.1629366938582,215998,3135,512382450.0,188677.0,87.35,53.0,18.0
10-March-2016,2356.0,2356.0,2315.4,2348.0,2332.525816175999,31182,2921,72732820.0,3749.0,12.02,40.6,-8.0
9-March-2016,2350.0,2368.85,2298.0,2356.2,2331.5839656044514,43494,3923,101409913.0,10243.0,23.55,70.85,6.2
8-March-2016,2345.0,2365.0,2306.0,2354.4,2341.0064864529345,32221,2899,75429570.0,8657.0,26.87,59.0,9.4
4-March-2016,2373.0,2377.95,2350.0,2359.05,2362.742972027972,28600,2388,67574449.0,8836.0,30.9,27.95,-13.95
3-March-2016,2324.0,2389.5,2301.2,2377.3,2359.8557399923648,75967,5921,179271161.0,21171.0,27.87,88.3,53.3
2-March-2016,2291.1,2330.0,2256.05,2319.55,2286.848510433,49746,4358,113761566.0,15444.0,31.05,73.95,28.45
1-March-2016,2182.5,2284.5,2163.5,2275.0,2246.807856147308,50941,5340,114454639.0,13374.0,26.25,121.0,92.5
29-February-2016,2214.0,2230.0,2119.0,2181.9,2188.6749521320457,143102,8390,313203763.0,80824.0,56.48,111.0,-32.1
26-February-2016,2238.0,2256.95,2202.6,2214.7,2219.0691595520566,36076,3365,80055139.0,11750.0,32.57,54.35,-23.3
25-February-2016,2222.0,2238.0,2184.15,2212.25,2198.9220250609706,59455,4751,130736909.0,28635.0,48.16,53.85,-9.75
24-February-2016,2264.0,2264.0,2205.5,2218.65,2232.3243810412077,47176,3341,105312135.0,19203.0,40.71,58.5,-45.35
23-February-2016,2316.0,2320.0,2253.9,2265.1,2270.256087600462,183652,4294,416937071.0,157132.0,85.56,66.1,-50.9
22-February-2016,2320.5,2343.45,2305.1,2314.2,2330.062108781227,407221,3588,948850222.0,387043.0,95.04,38.35,-6.3
19-February-2016,2314.0,2325.3,2307.0,2320.2,2317.785407269833,18845,1930,43678666.0,4743.0,25.17,18.3,6.2
18-February-2016,2280.05,2319.45,2279.0,2315.3,2300.695724667317,31787,2854,73132215.0,11087.0,34.88,40.45,35.25
17-February-2016,2270.7,2281.9,2248.05,2278.0,2265.8041927466866,43456,3986,98462787.0,17562.0,40.41,33.85,7.3
16-February-2016,2270.0,2281.0,2244.8,2267.75,2263.8792666567297,26836,2073,60753464.0,8688.0,32.37,36.2,-2.25
15-February-2016,2245.6,2306.5,2226.6,2269.55,2234.212315134413,754129,4586,1684884299.0,713137.0,94.56,79.9,23.95
12-February-2016,2198.0,2242.0,2167.95,2226.5,2212.792202147235,69019,5275,152724705.0,16265.0,23.57,74.05,28.5
11-February-2016,2271.1,2285.0,2173.1,2196.05,2226.03863990168,61025,5472,135844008.0,22208.0,36.39,111.9,-75.05
10-February-2016,2280.0,2290.0,2258.05,2270.05,2269.808841570895,70915,3927,160963494.0,34459.0,48.59,31.95,-9.95
9-February-2016,2331.0,2332.0,2257.0,2281.45,2278.4194671217206,103138,9863,234991627.0,37107.0,35.98,75.0,-49.55
8-February-2016,2415.0,2415.0,2350.0,2368.5,2386.2068186485926,43821,3012,104565969.0,16640.0,37.97,65.0,-46.5
5-February-2016,2406.1,2439.95,2406.1,2425.85,2427.1433603086084,23849,2381,57884942.0,5579.0,23.39,33.85,19.75
4-February-2016,2420.0,2437.55,2403.2,2417.45,2417.410372992734,86436,3342,208951283.0,61310.0,70.93,34.35,-2.55
3-February-2016,2377.0,2422.9,2356.95,2417.05,2398.7168367968425,41047,3607,98460130.0,15270.0,37.2,65.95,40.05
2-February-2016,2408.0,2430.5,2380.0,2401.5,2415.3872024970738,38445,3491,92859561.0,15246.0,39.66,50.5,-6.5
1-February-2016,2392.0,2412.0,2361.05,2402.2,2401.0869821051538,28891,2996,69369804.0,11684.0,40.44,50.95,10.2
29-January-2016,2339.0,2398.25,2336.1,2391.2,2368.2439714401185,37115,3270,87897375.0,13273.0,35.76,62.15,52.2
28-January-2016,2310.0,2347.0,2310.0,2330.9,2332.913078081919,35181,3222,82074215.0,12590.0,35.79,37.0,20.9
27-January-2016,2303.95,2327.95,2283.7,2319.6,2316.742815292222,34135,2627,79082016.0,15943.0,46.71,44.25,15.65
25-January-2016,2295.15,2338.8,2293.05,2305.95,2315.568953154876,33472,3552,77506724.0,11584.0,34.61,45.75,10.8
22-January-2016,2266.0,2301.0,2260.0,2295.25,2282.8434303170784,149269,4253,340757756.0,121966.0,81.71,41.0,29.25
21-January-2016,2280.0,2286.25,2247.0,2261.2,2260.0848228610257,52981,3741,119741554.0,16273.0,30.71,39.25,-18.8
20-January-2016,2279.0,2282.5,2243.75,2277.6,2264.752168733325,59597,4773,134972435.0,29371.0,49.28,38.75,-1.4
19-January-2016,2283.0,2293.0,2267.25,2279.0,2277.0194610778444,27388,2023,62363009.0,12802.0,46.74,25.75,-4.0
18-January-2016,2270.0,2291.0,2263.0,2282.45,2281.293495563584,72243,3677,164807486.0,29380.0,40.67,28.0,12.45
15-January-2016,2290.0,2291.35,2258.15,2263.5,2265.3817525914424,87596,6741,198438380.0,42038.0,47.99,33.2,-26.5
14-January-2016,2275.0,2297.5,2252.6,2278.95,2280.4610037979332,122435,7367,279208243.0,57787.0,47.2,44.9,3.95
13-January-2016,2317.0,2327.95,2258.0,2280.3,2277.579831507953,336277,15547,765897713.0,164358.0,48.88,69.95,-36.7
12-January-2016,2367.95,2367.95,2301.1,2324.05,2323.271094807273,145569,10728,338196250.0,57834.0,39.73,66.85,-43.9
11-January-2016,2396.45,2396.45,2349.9,2363.0,2362.8929628160936,32783,3335,77462720.0,9890.0,30.17,46.55,-33.45
8-January-2016,2380.0,2409.0,2372.95,2397.25,2394.5575706818377,34627,2867,82916345.0,12260.0,35.41,36.05,17.25
7-January-2016,2375.0,2379.7,2359.85,2370.05,2366.703465324149,66343,3183,157014208.0,33127.0,49.93,19.85,-4.95
6-January-2016,2365.0,2384.5,2352.2,2381.2,2374.3428033241,45125,3023,107142219.0,19682.0,43.62,32.3,16.2
5-January-2016,2383.0,2386.35,2343.55,2350.35,2352.204009417913,73477,5036,172832894.0,40299.0,54.85,42.8,-32.65
4-January-2016,2416.1,2416.1,2369.05,2375.5,2380.9136526754487,131249,8610,312492536.0,62483.0,47.61,47.05,-40.6
1-January-2016,2432.1,2436.35,2412.4,2416.25,2421.1422535648826,32189,2835,77934148.0,14944.0,46.43,23.95,-15.85
31-December-2015,2420.0,2448.0,2409.0,2439.2,2429.4069121057146,31481,2740,76480159.0,7137.0,22.67,39.0,19.2
30-December-2015,2452.0,2457.0,2413.0,2418.4,2434.3995402131077,27404,2297,66712285.0,8181.0,29.85,44.0,-33.6
29-December-2015,2460.0,2464.5,2445.0,2451.95,2452.659211618257,24100,1978,59109087.0,4547.0,18.87,19.5,-8.05
28-December-2015,2422.0,2462.9,2422.0,2458.5,2441.8431871649505,207432,4667,506516416.0,133495.0,64.36,40.9,36.5
24-December-2015,2420.0,2435.95,2403.8,2433.35,2426.0129714523855,19196,1702,46569745.0,4375.0,22.79,32.15,13.35
23-December-2015,2411.35,2435.0,2410.0,2420.4,2423.0882438076333,24183,2054,58597543.0,4922.0,20.35,25.0,9.05
22-December-2015,2441.05,2441.05,2400.5,2405.95,2414.4909912486414,34966,2613,84425092.0,11052.0,31.61,40.55,-35.1
21-December-2015,2410.0,2448.0,2407.45,2440.95,2430.331937144109,36528,3183,88775165.0,11163.0,30.56,40.55,30.95
18-December-2015,2437.55,2437.55,2403.15,2416.45,2413.796418932427,160064,5991,386361910.0,107921.0,67.42,34.4,-21.1
17-December-2015,2420.0,2445.75,2395.2,2440.35,2418.1930223739096,68562,3711,165796150.0,37459.0,54.64,50.55,20.35
16-December-2015,2397.95,2414.55,2385.7,2407.1,2398.5508463850656,126420,5219,303224798.0,80007.0,63.29,28.85,9.15
15-December-2015,2380.0,2384.9,2365.7,2375.2,2375.1250231799127,26963,3529,64040496.0,7542.0,27.97,19.2,-4.8
14-December-2015,2344.9,2384.45,2335.0,2377.45,2361.2396203066296,134951,7148,318651648.0,65685.0,48.67,49.45,32.55
11-December-2015,2395.0,2395.0,2363.05,2387.25,2384.4610542438727,53536,2592,127654507.0,30837.0,57.6,31.95,-7.75
10-December-2015,2370.0,2392.4,2353.5,2380.75,2374.758745254156,54258,4169,128849660.0,17011.0,31.35,38.9,10.75
9-December-2015,2330.0,2371.0,2320.55,2365.7,2356.950169046485,86071,6128,202865058.0,,,50.45,35.7
8-December-2015,2323.0,2348.5,2318.0,2329.5,2332.22944996288,106411,5681,248174868.0,67972.0,63.88,30.5,6.5
7-December-2015,2331.0,2345.0,2316.65,2324.1,2325.094600597192,81046,5597,188439617.0,36126.0,44.57,28.35,-6.9
4-December-2015,2339.8,2340.0,2322.0,2330.15,2331.0361368297154,82409,4868,192098357.0,39455.0,47.88,18.0,-9.65
3-December-2015,2366.0,2372.55,2347.5,2350.85,2353.7988841541096,68289,3680,160738572.0,36911.0,54.05,25.05,-15.15
2-December-2015,2367.0,2370.95,2349.0,2365.25,2362.2976848610674,41423,3022,97853457.0,16422.0,39.64,21.95,-1.75
1-December-2015,2365.0,2378.4,2357.2,2362.15,2363.333586779077,44717,2812,105681188.0,24108.0,53.91,21.2,-2.85
30-November-2015,2360.0,2381.3,2352.0,2365.25,2366.6946174875634,44626,3567,105616114.0,10706.0,23.99,29.3,5.25
27-November-2015,2346.0,2357.9,2333.0,2352.65,2348.3708393744023,64834,4986,152254275.0,19438.0,29.98,24.9,6.65
26-November-2015,2372.0,2381.8,2338.0,2345.15,2356.9139424045106,44691,4036,105332841.0,21131.0,47.28,43.8,-26.85
24-November-2015,2388.0,2391.9,2365.0,2370.1,2378.2113287415696,27876,2366,66295019.0,10409.0,37.34,26.9,-17.9
23-November-2015,2413.9,2413.9,2384.15,2391.7,2398.020305873281,31124,2563,74635984.0,8212.0,26.38,29.75,-22.2
20-November-2015,2364.1,2422.0,2364.0,2395.55,2402.43134052267,50816,4883,122081951.0,9327.0,18.35,58.0,31.45
19-November-2015,2370.0,2381.25,2352.05,2363.2,2369.439050278624,158278,2993,375030074.0,134859.0,85.2,29.2,-6.8
18-November-2015,2390.55,2390.55,2346.95,2351.9,2360.469431726367,96538,5628,227874998.0,45940.0,47.59,43.6,-38.65
17-November-2015,2381.0,2398.45,2375.75,2390.5,2386.723875624653,54030,3421,128954691.0,27736.0,51.33,22.7,9.5
16-November-2015,2400.0,2400.0,2355.0,2374.9,2371.462508749825,71430,6931,169393567.0,31742.0,44.44,45.0,-25.1
13-November-2015,2465.0,2465.0,2387.7,2397.3,2403.2444748104494,105381,10150,253256306.0,48835.0,46.34,77.3,-67.7
11-November-2015,2471.0,2480.3,2456.8,2470.55,2469.1754087400477,16453,1552,40625343.0,7860.0,47.77,23.5,-0.45
10-November-2015,2476.0,2478.0,2451.5,2461.7,2464.594257128564,99950,4070,246336196.0,57235.0,57.26,26.5,-14.3
9-November-2015,2484.0,2500.6,2468.95,2475.05,2477.482101244484,121014,5641,299810019.0,82849.0,68.46,31.65,-8.95
6-November-2015,2488.0,2515.6,2483.0,2505.75,2506.409255550347,23467,2051,58817906.0,8498.0,36.21,32.6,17.75
5-November-2015,2538.95,2539.0,2485.15,2490.75,2496.473254480003,126395,5607,315541737.0,34371.0,27.19,53.85,-48.2
4-November-2015,2551.0,2551.0,2520.2,2529.45,2531.3009735175983,29378,3130,74364560.0,8598.0,29.27,30.8,-21.55
3-November-2015,2520.0,2545.55,2518.55,2542.6,2536.113553113553,35490,3697,90006670.0,14541.0,40.97,27.0,22.6
2-November-2015,2497.0,2516.9,2488.05,2511.2,2506.024665201925,38232,3354,95810335.0,13660.0,35.73,28.85,14.2
30-October-2015,2501.0,2511.0,2485.0,2497.3,2497.231421240722,43652,3130,109009146.0,18517.0,42.42,26.0,-3.7
29-October-2015,2530.0,2530.0,2493.0,2496.15,2500.511632566734,89834,5507,224630962.0,56454.0,62.84,37.0,-33.85
28-October-2015,2526.0,2530.0,2507.6,2524.65,2522.8029634471864,36714,2963,92622188.0,14757.0,40.19,22.4,-1.35
27-October-2015,2535.2,2543.95,2521.45,2529.8,2530.8763766781985,31507,2454,79740322.0,13648.0,43.32,22.5,-5.4
26-October-2015,2545.0,2548.0,2517.0,2535.2,2528.8121854993033,42329,2998,107042091.0,17725.0,41.87,31.0,-9.8
23-October-2015,2535.0,2542.0,2527.05,2536.2,2534.964504219409,37920,2721,96125854.0,17826.0,47.01,14.95,1.2
21-October-2015,2526.75,2542.2,2518.7,2525.5,2532.3168289471546,61519,4993,155785599.0,26674.0,43.36,23.5,-1.25
20-October-2015,2493.0,2529.8,2492.5,2526.7,2518.784308343156,61931,4905,155990831.0,19415.0,31.35,37.3,33.7
19-October-2015,2478.0,2493.0,2458.0,2486.85,2474.2396068095286,78537,6967,194319356.0,22649.0,28.84,35.0,8.85
16-October-2015,2490.0,2492.0,2470.0,2475.95,2479.8875877808987,56960,5125,141254397.0,24133.0,42.37,22.0,-14.05
15-October-2015,2490.0,2505.0,2465.0,2468.65,2491.2004218159414,421985,11944,1051249210.0,355393.0,84.22,40.0,-21.35
14-October-2015,2550.0,2550.0,2480.0,2483.4,2496.515313880641,361698,21560,902984596.0,109647.0,30.31,70.0,-66.6
13-October-2015,2605.0,2612.45,2568.05,2597.4,2588.927193579328,121981,8946,315799928.0,28454.0,23.33,44.4,-7.6
12-October-2015,2667.0,2670.0,2585.3,2592.4,2611.701739937241,95923,12316,250522266.0,36733.0,38.29,84.7,-74.6
9-October-2015,2678.0,2678.0,2610.0,2629.85,2629.343118644068,59000,3789,155131244.0,26420.0,44.78,68.0,-48.15
8-October-2015,2665.05,2678.0,2620.5,2634.75,2641.771398445253,48368,4475,127777199.0,19695.0,40.72,57.5,-30.3
7-October-2015,2695.7,2716.45,2647.1,2655.1,2684.139790018259,65720,6309,176401667.0,23868.0,36.32,69.35,-40.6
6-October-2015,2725.0,2725.4,2680.2,2695.7,2704.2430326640692,66740,4060,180481180.0,34440.0,51.6,45.2,-29.3
5-October-2015,2650.0,2769.0,2650.0,2713.45,2710.6045067127175,107706,8032,291948369.0,47752.0,44.34,119.0,63.45
1-October-2015,2600.0,2645.0,2590.6,2639.7,2631.9720893141944,55176,4716,145221692.0,18821.0,34.11,54.4,39.7
30-September-2015,2630.0,2641.8,2571.55,2587.7,2584.785965144788,45273,4245,117021015.0,20747.0,45.83,70.25,-42.3
29-September-2015,2572.0,2632.0,2570.0,2590.2,2604.2810559006207,37352,3847,97275106.0,7344.0,19.66,62.0,18.2
28-September-2015,2580.0,2618.95,2580.0,2590.35,2601.5726369058375,27665,2636,71972507.0,6141.0,22.2,38.95,10.35
24-September-2015,2534.0,2583.95,2531.9,2575.6,2565.199105883765,66658,5195,170991042.0,26536.0,39.81,52.05,41.6
23-September-2015,2527.0,2557.3,2515.0,2534.05,2534.637033438588,37053,3236,93915906.0,11181.0,30.18,42.3,7.05
22-September-2015,2554.15,2575.0,2493.9,2526.35,2537.4820487520465,44593,4269,113153937.0,14745.0,33.07,81.1,-27.8
21-September-2015,2550.0,2554.15,2534.15,2550.7,2545.433830262628,27301,2255,69492889.0,13197.0,48.34,20.0,0.7
18-September-2015,2560.0,2585.0,2547.8,2554.15,2575.37775950408,47427,3443,122142441.0,11949.0,25.19,37.2,-5.85
16-September-2015,2548.0,2563.95,2543.5,2551.15,2553.9774038461537,20800,1848,53122730.0,6904.0,33.19,20.45,3.15
15-September-2015,2550.75,2558.0,2536.0,2543.15,2546.9164053111353,34117,4277,86893147.0,11312.0,33.16,22.0,-7.6
14-September-2015,2555.0,2564.7,2545.15,2550.75,2552.802703014901,17314,2343,44199226.0,8162.0,47.14,19.55,-4.25
11-September-2015,2549.9,2568.0,2535.2,2545.5,2551.2752685546875,40960,3569,104500235.0,13453.0,32.84,32.8,-4.4
10-September-2015,2540.0,2576.0,2527.05,2542.35,2551.0426016671786,55303,4359,141080309.0,13718.0,24.81,48.95,2.35
9-September-2015,2560.0,2575.0,2546.65,2550.65,2558.9708775437803,31007,2374,79346010.0,12228.0,39.44,28.35,-9.35
8-September-2015,2543.0,2563.7,2523.05,2542.1,2539.623733205337,256257,4542,650796359.0,214445.0,83.68,40.65,-0.9
7-September-2015,2552.0,2559.5,2535.0,2539.5,2546.4183824168185,23022,2210,58623644.0,5870.0,25.5,24.5,-12.5
4-September-2015,2625.0,2625.0,2542.45,2549.45,2569.7952027891783,45318,4275,116457979.0,9557.0,21.09,82.55,-75.55
3-September-2015,2614.0,2614.0,2577.0,2605.25,2594.647745599888,28522,2693,74004543.0,6957.0,24.39,37.0,-8.75
2-September-2015,2560.0,2619.0,2546.6,2593.2,2596.051410177231,53433,4810,138714815.0,12596.0,23.57,72.4,33.2
1-September-2015,2567.0,2610.0,2531.0,2538.8,2572.769667032565,49194,4720,126564831.0,15559.0,31.63,79.0,-28.2
31-August-2015,2583.85,2588.45,2533.0,2565.25,2567.285751070952,42719,3327,109671880.0,13317.0,31.17,55.45,-18.6
28-August-2015,2599.0,2604.9,2560.0,2570.65,2584.817236770457,40402,4136,104431786.0,10979.0,27.17,44.9,-28.35
27-August-2015,2615.2,2615.2,2547.0,2577.6,2571.7039741741364,31906,3604,82052787.0,8332.0,26.11,68.2,-37.6
26-August-2015,2565.45,2638.95,2514.9,2576.75,2593.497090668041,54308,5277,140847640.0,20368.0,37.5,124.05,11.3
25-August-2015,2585.0,2618.1,2536.1,2567.35,2576.584479043759,77972,6225,200901445.0,23476.0,30.11,82.0,-17.65
24-August-2015,2675.0,2675.0,2570.0,2579.2,2604.526709185194,83885,6136,218480723.0,28346.0,33.79,105.0,-95.8
21-August-2015,2690.3,2727.8,2657.0,2675.1,2685.6750073866156,54152,5553,145434673.0,12534.0,23.15,70.8,-15.2
20-August-2015,2732.0,2732.0,2675.25,2691.2,2701.478363066538,33184,3416,89645858.0,6607.0,19.91,56.75,-40.8
19-August-2015,2750.0,2750.95,2718.05,2731.4,2737.9688758228413,31294,2863,85681998.0,7990.0,25.53,32.9,-18.6
18-August-2015,2700.0,2746.0,2694.2,2734.6,2734.6092388146426,51630,5207,141187875.0,14093.0,27.3,51.8,34.6
17-August-2015,2694.0,2694.0,2655.45,2684.75,2673.2138135836763,41756,4334,111622716.0,17884.0,42.83,38.55,-9.25
14-August-2015,2635.1,2713.0,2635.1,2693.65,2686.9219833105212,67947,5797,182568288.0,15598.0,22.96,77.9,58.55
13-August-2015,2671.5,2682.5,2627.05,2637.4,2655.664773486569,44898,4134,119234037.0,11717.0,26.1,55.45,-34.1
12-August-2015,2603.0,2689.6,2603.0,2671.4,2664.252630739001,200514,8064,534219952.0,91189.0,45.48,86.6,68.4
11-August-2015,2570.0,2609.95,2544.05,2603.05,2592.529463124016,58412,4837,151434831.0,26017.0,44.54,65.9,33.05
10-August-2015,2563.0,2588.0,2558.3,2570.8,2577.2688321536903,31648,3449,81565404.0,11907.0,37.62,29.7,7.8
7-August-2015,2574.3,2574.3,2548.25,2551.7,2558.3964192019143,21727,2163,55586279.0,8286.0,38.14,26.05,-22.6
6-August-2015,2550.0,2582.0,2550.0,2574.3,2565.844140467553,39696,2849,101853749.0,14126.0,35.59,32.0,24.3
5-August-2015,2510.0,2547.85,2510.0,2541.65,2537.2050306932174,33395,2909,84729962.0,11341.0,33.96,37.85,31.65
4-August-2015,2510.0,2520.8,2485.8,2509.3,2500.893364223068,30215,2579,75564493.0,10304.0,34.1,35.0,-0.7
3-August-2015,2509.9,2524.0,2500.0,2507.95,2513.3926619828258,24339,2410,61173464.0,8791.0,36.12,24.0,-1.95
31-July-2015,2490.0,2518.5,2488.55,2510.0,2499.7406106392705,41563,2962,103896719.0,16616.0,39.98,29.95,20.0
30-July-2015,2510.0,2515.0,2477.0,2480.95,2491.515690063956,50191,3487,125051664.0,26830.0,53.46,38.0,-29.05
29-July-2015,2512.0,2515.45,2484.9,2508.1,2503.816897104881,39273,2976,98332401.0,14419.0,36.71,30.55,-3.9
28-July-2015,2500.0,2518.95,2492.05,2501.5,2509.228005570169,32315,3066,81085703.0,14711.0,45.52,26.9,1.5
27-July-2015,2500.0,2505.0,2482.05,2496.9,2497.0974825923945,65345,5207,163172835.0,41736.0,63.87,22.95,-3.1
24-July-2015,2514.0,2517.0,2493.85,2503.75,2505.2175103112113,26670,2213,66814151.0,7006.0,26.27,23.15,-10.25
23-July-2015,2535.0,2538.45,2483.0,2487.95,2505.8687347067644,63345,4541,158734255.0,26001.0,41.05,55.45,-47.05
22-July-2015,2560.0,2567.9,2521.4,2528.1,2531.8007308304354,67868,6976,171828252.0,30083.0,44.33,46.5,-31.9
21-July-2015,2579.5,2599.05,2556.0,2562.85,2574.2599697122664,39620,3053,101992180.0,11962.0,30.19,43.05,-16.65
20-July-2015,2559.0,2589.0,2554.35,2579.55,2571.223474035833,32930,2648,84670389.0,13162.0,39.97,34.65,20.55
17-July-2015,2541.0,2567.0,2541.0,2559.35,2555.601193082312,36544,3115,93391890.0,8395.0,22.97,26.0,18.35
16-July-2015,2541.0,2558.45,2526.0,2538.15,2541.5986466796726,40493,3564,102916954.0,9509.0,23.48,32.45,-2.85
15-July-2015,2503.0,2550.0,2503.0,2546.25,2533.6758929347357,46028,4087,116620034.0,17985.0,39.07,47.0,43.25
14-July-2015,2509.0,2511.8,2491.0,2499.5,2499.508440809479,47685,3205,119189060.0,17416.0,36.52,20.8,-9.5
13-July-2015,2484.0,2518.3,2480.0,2508.6,2502.0469511433207,64024,4657,160191054.0,20057.0,31.33,38.3,24.6
10-July-2015,2562.0,2562.0,2455.0,2471.9,2489.0484624919236,303348,23576,755047873.0,104706.0,34.52,107.0,-90.1
9-July-2015,2600.0,2600.0,2505.75,2521.4,2541.5836577072787,129994,10611,330390626.0,43756.0,33.66,94.25,-78.6
8-July-2015,2601.0,2622.45,2584.1,2594.05,2599.646777319289,151706,5527,394382014.0,111755.0,73.67,38.35,-6.95
7-July-2015,2635.0,2646.65,2604.9,2619.05,2626.291815673853,39148,3552,102814072.0,10089.0,25.77,41.75,-15.95
6-July-2015,2590.0,2643.4,2581.9,2632.8,2614.8620355411954,46425,4310,121394970.0,14875.0,32.04,61.5,42.8
3-July-2015,2577.0,2608.65,2571.0,2604.8,2594.9372436006106,29495,3790,76537674.0,14224.0,48.23,37.65,27.8
2-July-2015,2608.8,2608.8,2575.0,2580.85,2584.05504030032,36228,2812,93615146.0,10108.0,27.9,33.8,-27.95
1-July-2015,2565.0,2599.0,2560.15,2591.8,2583.1153273583473,32915,3337,85023241.0,8661.0,26.31,38.85,26.8
30-June-2015,2590.0,2590.0,2547.0,2552.2,2559.4368546757305,54430,4028,139310148.0,12869.0,23.64,43.0,-37.8
29-June-2015,2580.0,2603.2,2546.0,2593.55,2568.182299561032,50801,4342,130466229.0,9180.0,18.07,57.2,13.55
26-June-2015,2553.0,2598.0,2553.0,2594.05,2576.380368463347,33599,2656,86563804.0,8268.0,24.61,45.0,41.05
25-June-2015,2567.0,2574.0,2546.5,2551.75,2558.531337149567,27252,2634,69725096.0,7798.0,28.61,27.5,-15.25
24-June-2015,2582.0,2585.8,2560.0,2568.4,2576.335806507144,58090,2810,149659347.0,35843.0,61.7,25.8,-13.6
23-June-2015,2600.0,2600.0,2571.05,2577.7,2586.813116465643,72794,2974,188304474.0,48406.0,66.5,28.95,-22.3
22-June-2015,2552.55,2605.0,2552.0,2595.7,2588.361203554397,29147,2672,75442964.0,8645.0,29.66,53.0,43.15
19-June-2015,2539.9,2560.0,2530.0,2551.1,2544.850111783272,30416,2793,77404161.0,9747.0,32.05,30.0,11.2
18-June-2015,2515.0,2545.8,2511.0,2528.55,2533.6769611770706,41187,3653,104354553.0,15558.0,37.77,34.8,13.55
17-June-2015,2511.0,2530.05,2503.2,2514.95,2516.102232055704,46101,3705,115994829.0,18013.0,39.07,26.85,3.95
16-June-2015,2512.1,2516.4,2495.0,2511.05,2508.8819011504597,31118,2291,78071387.0,7956.0,25.57,21.4,-1.05
15-June-2015,2500.0,2519.9,2482.0,2511.8,2506.110923236312,102314,3631,256410233.0,63060.0,61.63,37.9,11.8
12-June-2015,2574.85,2588.05,2477.0,2512.05,2525.2578968752655,105833,8599,267255619.0,23106.0,21.83,111.05,-62.8
11-June-2015,2605.0,2625.0,2551.0,2571.0,2583.93748502994,41750,3728,107879390.0,11424.0,27.36,74.0,-34.0
10-June-2015,2564.0,2610.0,2564.0,2602.05,2586.798029447089,44962,3347,116307613.0,17569.0,39.08,46.0,38.05
9-June-2015,2575.0,2588.0,2550.0,2558.1,2568.833637889241,26815,2382,68883274.0,6833.0,25.48,38.0,-16.9
8-June-2015,2598.0,2598.0,2564.6,2578.65,2576.8285281162402,34962,3248,90091079.0,14975.0,42.83,33.4,-19.35
5-June-2015,2584.55,2605.0,2568.0,2572.35,2592.2512098548173,111377,4507,288717163.0,62505.0,56.12,37.0,-12.2
4-June-2015,2620.0,2622.0,2590.5,2606.2,2607.403250661472,34393,3185,89676420.0,9386.0,27.29,31.5,-13.8
3-June-2015,2609.95,2625.0,2592.0,2610.75,2611.3037390612567,50280,4597,131296352.0,17770.0,35.34,33.0,0.8
2-June-2015,2628.0,2630.5,2591.0,2600.45,2609.5007917503476,51784,4956,135130389.0,17728.0,34.23,39.5,-27.55
1-June-2015,2610.25,2644.85,2607.6,2616.4,2621.254790516401,36948,3057,96850122.0,12538.0,33.93,37.25,6.15
29-May-2015,2611.35,2646.95,2599.4,2610.6,2617.453896945513,97987,6582,256476455.0,28091.0,28.67,47.55,-0.75
28-May-2015,2600.0,2624.9,2582.9,2609.95,2604.8208362900473,38049,3429,99110828.0,11855.0,31.16,42.0,9.95
27-May-2015,2595.0,2631.5,2592.0,2616.55,2614.9296656371134,48241,3623,126146822.0,24962.0,51.74,39.5,21.55
26-May-2015,2603.15,2622.0,2590.0,2606.35,2609.7182507245298,26914,2416,70237957.0,8982.0,33.37,32.0,3.2
25-May-2015,2620.0,2633.2,2588.1,2601.4,2607.1304602912155,37498,2950,97762178.0,13783.0,36.76,45.1,-18.6
22-May-2015,2555.5,2629.0,2541.05,2619.55,2583.594543749221,368898,5597,953082860.0,335192.0,90.86,87.95,64.05
21-May-2015,2559.9,2580.0,2549.0,2557.65,2566.5450503092666,35083,3026,90042100.0,9302.0,26.51,31.0,-2.25
20-May-2015,2528.0,2563.7,2520.0,2557.55,2549.067389333876,54059,3821,137800034.0,18279.0,33.81,43.7,29.55
19-May-2015,2520.0,2529.5,2498.3,2511.95,2511.290231963848,106439,3466,267299221.0,70583.0,66.31,31.2,-8.05
18-May-2015,2515.0,2525.0,2495.0,2519.35,2501.686106367087,915772,9580,2290974089.0,865918.0,94.56,30.0,4.35
15-May-2015,2508.0,2530.0,2501.0,2509.65,2511.5570413706646,16751,1913,42071092.0,4132.0,24.67,29.0,1.65
14-May-2015,2528.5,2528.5,2486.25,2499.95,2498.1248006988667,418964,5876,1046624359.0,379085.0,90.48,42.25,-28.55
13-May-2015,2525.85,2545.0,2483.95,2519.95,2514.4940746554807,77717,5644,195418936.0,24244.0,31.2,61.05,-5.9
12-May-2015,2555.0,2559.25,2515.35,2521.2,2526.3271637122,30688,3228,77527928.0,6598.0,21.5,43.9,-33.8
11-May-2015,2545.0,2562.85,2526.25,2555.8,2550.103920953576,31880,3479,81297313.0,7071.0,22.18,36.6,10.8
8-May-2015,2552.0,2586.8,2520.05,2530.7,2551.8485173332488,63433,11573,161871407.0,16211.0,25.56,66.75,-21.3
7-May-2015,2465.0,2556.0,2460.0,2543.3,2520.667166066738,102790,16041,259099378.0,46269.0,45.01,96.0,78.3
6-May-2015,2511.0,2517.0,2456.6,2462.85,2467.872970818331,114147,13277,281700296.0,61425.0,53.81,60.4,-48.15
5-May-2015,2501.25,2535.0,2500.15,2519.25,2516.5271845161287,96875,12739,243788571.0,45638.0,47.11,34.85,18.0
4-May-2015,2482.0,2503.85,2457.15,2479.1,2476.280979111773,52374,9904,129692740.0,18659.0,35.63,46.7,-2.9
30-April-2015,2484.0,2484.0,2428.3,2466.65,2455.9031564364213,96723,13592,237542321.0,32369.0,33.47,55.7,-17.35
29-April-2015,2494.0,2495.0,2453.05,2485.65,2468.23115848781,57506,7560,141938101.0,25232.0,43.88,41.95,-8.35
28-April-2015,2505.0,2506.65,2456.1,2494.55,2476.3885991941215,59066,9785,146270369.0,21408.0,36.24,50.55,-10.45
27-April-2015,2509.0,2518.6,2486.35,2500.3,2502.1590475120743,62321,7985,155937054.0,31716.0,50.89,32.25,-8.7
24-April-2015,2458.0,2515.0,2450.0,2496.9,2489.786750107397,86129,11337,214442843.0,32539.0,37.78,65.0,38.9
23-April-2015,2472.1,2476.45,2433.0,2456.85,2458.4500777259605,45030,7877,110704007.0,11215.0,24.91,43.45,-15.25
22-April-2015,2425.0,2468.15,2407.1,2447.9,2429.3230585106385,75200,10056,182685094.0,30147.0,40.09,61.05,22.9
21-April-2015,2438.9,2450.0,2402.0,2426.85,2428.104123918729,74565,11162,181051584.0,24261.0,32.54,48.0,-12.05
20-April-2015,2484.0,2486.0,2427.0,2430.65,2444.1310583909835,781148,18101,1909228088.0,70617.0,9.04,59.0,-53.35
17-April-2015,2561.0,2561.0,2471.0,2476.2,2490.0898296348323,374431,38347,932366825.0,161089.0,43.02,90.0,-84.8
16-April-2015,2634.9,2634.9,2567.8,2585.2,2589.938277491223,115355,13991,298762330.0,36613.0,31.74,67.1,-49.7
15-April-2015,2650.0,2712.0,2612.45,2624.7,2646.5486957698913,140351,11695,371445756.0,14342.0,10.22,99.55,-25.3
13-April-2015,2667.0,2667.0,2630.0,2650.25,2647.5938862307285,37620,6128,99602482.0,9039.0,24.03,37.0,-16.75
10-April-2015,2655.0,2669.65,2628.8,2651.95,2647.695729442971,37700,5569,99818129.0,15392.0,40.83,40.85,-3.05
9-April-2015,2678.8,2683.95,2635.15,2661.15,2657.605316582323,67976,12050,180653379.0,26486.0,38.96,48.8,-17.65
8-April-2015,2588.0,2652.0,2581.25,2644.35,2632.0802068675644,54721,8762,144030061.0,20720.0,37.86,70.75,56.35
7-April-2015,2568.0,2592.0,2547.25,2586.1,2568.8166903174388,51443,8398,132147637.0,18219.0,35.42,44.75,18.1
6-April-2015,2555.0,2560.45,2503.65,2546.0,2528.3838383838383,60489,8593,152939410.0,20623.0,34.09,56.8,-9.0
1-April-2015,2565.0,2565.0,2522.5,2543.4,2534.7695786581176,174680,6540,442773550.0,148597.0,85.07,42.5,-21.6
31-March-2015,2560.0,2567.4,2519.15,2547.05,2543.6300456409062,64635,8279,164407528.0,26102.0,40.38,48.25,-12.95
30-March-2015,2525.0,2562.6,2518.1,2557.25,2543.6434001734783,39198,5780,99705734.0,10729.0,27.37,44.5,32.25
27-March-2015,2531.0,2571.25,2506.85,2516.2,2539.0012201470686,61468,8985,156067327.0,19670.0,32.0,64.4,-14.8
26-March-2015,2557.8,2586.1,2501.65,2513.35,2539.930397635332,46349,7041,117723234.0,14599.0,31.5,84.45,-44.45
25-March-2015,2599.0,2614.0,2545.25,2573.1,2570.846803587988,108919,7129,280014063.0,16737.0,15.37,68.75,-25.9
24-March-2015,2621.95,2636.0,2582.05,2593.55,2620.9736272287446,59114,6072,154936235.0,23899.0,40.43,53.95,-28.4
23-March-2015,2611.0,2630.75,2607.0,2610.55,2615.8564448188713,35610,4913,93150648.0,10569.0,29.68,23.75,-0.45
20-March-2015,2600.0,2616.75,2589.3,2609.65,2608.578943719857,100977,8085,263406476.0,66207.0,65.57,27.45,9.65
19-March-2015,2585.0,2606.0,2569.2,2594.4,2595.9063791798476,51527,13546,133759268.0,21164.0,41.07,36.8,9.4
18-March-2015,2590.0,2598.9,2554.5,2560.7,2564.285004160645,45666,6440,117100639.0,11554.0,25.3,44.4,-29.3
17-March-2015,2580.2,2605.5,2557.95,2580.9,2580.7366803908317,48819,6855,125988984.0,8331.0,17.07,47.55,0.7
16-March-2015,2582.0,2609.95,2556.5,2565.35,2583.3928219692634,43661,6399,112793514.0,11387.0,26.08,53.45,-16.65
13-March-2015,2625.0,2638.6,2572.15,2581.05,2596.9885026548673,70625,16692,183412313.0,27875.0,39.47,66.45,-43.95
12-March-2015,2616.0,2624.8,2591.0,2619.0,2609.1153010926887,58022,8099,151386088.0,14462.0,24.93,33.8,3.0
11-March-2015,2639.55,2661.35,2601.0,2609.35,2626.931857389304,79994,12671,210138787.0,24125.0,30.16,60.35,-30.2
10-March-2015,2643.25,2674.6,2595.35,2642.8,2633.372590962381,97238,15666,256063884.0,30615.0,31.48,79.25,-0.45
9-March-2015,2640.0,2680.25,2611.8,2643.15,2647.684670968649,85387,11852,226077851.0,24205.0,28.35,68.45,3.15
5-March-2015,2748.0,2768.15,2686.0,2696.35,2711.0200100242896,77811,11228,210947178.0,14285.0,18.36,82.15,-51.65
4-March-2015,2775.0,2810.0,2717.95,2743.4,2760.9961641261925,89419,11904,246885516.0,24299.0,27.17,92.05,-31.6
3-March-2015,2670.0,2790.0,2670.0,2774.7,2748.2375827039177,117437,14958,322744777.0,33674.0,28.67,120.0,104.7
2-March-2015,2675.1,2707.0,2653.25,2670.15,2666.8071759765007,41193,7179,109853788.0,13391.0,32.51,53.75,-4.95
28-February-2015,2666.0,2689.9,2646.2,2675.3,2667.084021691153,63436,9209,169189142.0,10645.0,16.78,43.7,9.3
27-February-2015,2653.0,2670.9,2618.25,2663.75,2644.920795821593,58204,8298,153944970.0,11806.0,20.28,52.65,10.75
26-February-2015,2675.0,2694.2,2626.3,2656.35,2663.595314799348,50286,7859,133941554.0,14274.0,28.39,67.9,-18.65
25-February-2015,2708.0,2722.95,2668.0,2671.3,2691.9580356355295,45348,6541,122074913.0,11232.0,24.77,54.95,-36.7
24-February-2015,2697.5,2727.0,2681.6,2707.15,2711.7742860449266,77771,9209,210897398.0,23053.0,29.64,45.4,9.65
23-February-2015,2673.9,2719.9,2671.55,2695.05,2700.94251156515,62256,10329,168149877.0,17349.0,27.87,48.35,21.15
20-February-2015,2680.1,2694.95,2643.85,2674.85,2670.887778940028,57360,7793,153202123.0,16728.0,29.16,51.1,-5.25
19-February-2015,2648.0,2685.0,2635.0,2679.7,2660.0784323520966,80069,10705,212989820.0,25060.0,31.3,50.0,31.7
18-February-2015,2587.0,2640.0,2565.55,2633.9,2602.159198897653,126276,12362,328590255.0,49235.0,38.99,74.45,46.9
16-February-2015,2550.0,2593.45,2550.0,2585.25,2577.1789510448803,85895,10849,221366786.0,31248.0,36.38,43.45,35.25
13-February-2015,2470.0,2546.75,2461.75,2538.65,2512.739402356096,104410,13897,262355121.0,34785.0,33.32,85.0,68.65
12-February-2015,2479.0,2479.0,2448.0,2462.8,2462.4005051084837,43555,9615,107249854.0,15837.0,36.36,31.0,-16.2
11-February-2015,2460.0,2487.6,2448.0,2460.15,2468.9779829672793,55775,10725,137707247.0,17272.0,30.97,39.6,0.15
10-February-2015,2505.0,2524.2,2436.0,2442.95,2471.6698322587445,151841,18371,375300819.0,68694.0,45.24,88.2,-62.05
9-February-2015,2575.0,2575.0,2501.0,2515.15,2532.2343843054823,57090,6706,144565261.0,18628.0,32.63,74.0,-59.85
6-February-2015,2552.0,2592.0,2551.9,2576.0,2578.8452874085,70492,10083,181787962.0,20751.0,29.44,40.1,24.0
5-February-2015,2515.0,2590.0,2515.0,2551.9,2572.781870177894,231486,13579,595562984.0,145349.0,62.79,75.0,36.9
4-February-2015,2565.0,2569.65,2503.45,2514.0,2521.8638088720213,48219,8618,121601751.0,15341.0,31.82,66.2,-51.0
3-February-2015,2501.0,2560.0,2501.0,2554.8,2536.436408539597,91105,9055,231082039.0,28073.0,30.81,59.0,53.8
2-February-2015,2482.1,2520.0,2464.5,2512.8,2499.9019391889237,50846,6365,127110014.0,11125.0,21.88,55.5,30.7
30-January-2015,2545.0,2574.95,2470.15,2481.0,2500.6680926419676,150774,28596,377035731.0,59750.0,39.63,104.8,-64.0
29-January-2015,2535.0,2558.4,2512.1,2541.35,2527.7809300300923,52837,5456,133560361.0,22340.0,42.28,46.3,6.35
28-January-2015,2503.0,2543.05,2501.35,2534.7,2528.4727207089704,85871,8643,217122481.0,39884.0,46.45,41.7,31.7
27-January-2015,2519.9,2519.9,2490.1,2502.8,2501.7710760269774,52192,6186,130572436.0,31702.0,60.74,29.8,-17.1
23-January-2015,2505.0,2530.0,2495.1,2501.7,2507.412749127837,57902,7390,145184213.0,21380.0,36.92,34.9,-3.3
22-January-2015,2511.9,2520.8,2495.0,2512.75,2508.395667357852,54978,7811,137906577.0,22640.0,41.18,25.8,0.85
21-January-2015,2516.0,2519.0,2490.1,2511.35,2507.087418273539,60262,8242,151082102.0,17482.0,29.01,28.9,-4.65
20-January-2015,2526.9,2529.65,2483.25,2499.55,2498.1001975538834,90102,8370,225083824.0,43542.0,48.33,46.4,-27.35
19-January-2015,2531.9,2552.7,2502.9,2509.75,2516.78737407084,46951,5977,118165684.0,13326.0,28.38,49.8,-22.15
16-January-2015,2540.0,2545.0,2484.0,2531.9,2512.4662722601997,183736,19674,461630503.0,35040.0,19.07,61.0,-8.1
15-January-2015,2521.95,2583.5,2521.95,2545.0,2538.020364964965,948639,17164,2407665101.0,833699.0,87.88,61.55,23.05
14-January-2015,2503.55,2530.8,2503.0,2518.15,2516.332984802432,41125,5398,103484194.0,8134.0,19.78,27.8,14.6
13-January-2015,2515.3,2530.0,2480.25,2498.3,2508.2446994789134,47401,9097,118893307.0,15750.0,33.23,49.75,-17.0
12-January-2015,2520.0,2529.0,2480.85,2512.05,2499.059139535244,64593,8315,161421727.0,25612.0,39.65,48.15,-7.95
9-January-2015,2450.0,2518.0,2450.0,2512.2,2491.040931545519,96356,13024,240026740.0,32332.0,33.55,68.0,62.2
8-January-2015,2445.0,2450.0,2423.05,2443.85,2436.431948614648,52622,6962,128209922.0,23569.0,44.79,26.95,-1.15
7-January-2015,2460.5,2479.0,2407.4,2416.8,2426.0526682894197,140502,9614,340865252.0,89487.0,63.69,71.6,-43.7
6-January-2015,2527.0,2527.0,2440.05,2446.55,2469.6480451357806,88267,14486,217988424.0,35843.0,40.61,86.95,-80.45
5-January-2015,2593.0,2599.05,2527.0,2537.9,2561.18355605333,65179,8523,166935383.0,17856.0,27.4,72.05,-55.1
2-January-2015,2547.25,2589.0,2547.25,2570.85,2569.277150470856,88562,5697,227540323.0,69280.0,78.23,41.75,23.6
1-January-2015,2554.35,2563.5,2542.0,2548.2,2548.91273531413,17636,3142,44952625.0,5729.0,32.48,21.5,-6.15
